:020000040800F2
:1000000000000520194D0008BD4B0008BF4B00083B
:10001000C14B0008C34B0008C54B0008000000009E
:10002000000000000000000000000000E1400008A7
:10003000C74B00080000000081410008E5410008AE
:10004000694D0008694D0008694D0008694D0008B8
:10005000694D0008694D0008694D0008694D0008A8
:10006000694D0008694D0008694D0008694D000898
:10007000C94B0008694D0008D54B0008694D0008C0
:10008000E14B0008694D0008694D0008694D000802
:10009000694D0008694D0008694D0008694D000868
:1000A000694D0008694D0008694D0008694D000858
:1000B000694D0008694D0008694D0008694D000848
:1000C000694D0008694D0008694D0008694D000838
:1000D000694D0008694D0008ED4B0008F94B000818
:1000E000694D0008694D0008694D0008694D000818
:1000F000694D0008694D0008694D0008694D000808
:10010000694D0008694D0008694D0008694D0008F7
:10011000054C0008114C00081D4C0008694D0008F2
:10012000694D0008694D0008694D0008694D0008D7
:10013000694D0008694D0008694D0008694D0008C7
:10014000694D0008694D0008694D0008694D0008B7
:10015000694D0008694D0008694D0008354C0008DC
:10016000694D0008694D0008694D0008694D000897
:10017000694D0008694D0008694D0008694D000887
:10018000694D0008694D0008694D0008294C0008B8
:10019000694D0008694D0008694D0008694D000867
:1001A000694D0008694D0008694D0008694D000857
:1001B000694D0008694D0008694D0008694D000847
:0801C000694D0008694D0008BB
:1001D00010B5054C237833B9044B13B10448AFF381
:1001E00000800123237010BDA0000020000000004B
:1001F000F08F000808B5034B1BB103490348AFF368
:10020000008008BD00000000A4000020F08F00085E
:1002100053B94AB9002908BF00281CBF4FF0FF316D
:100220004FF0FF3000F088B9ADF1080C6DE904CE55
:1002300000F006F8DDF804E0DDE9022304B07047C1
:100240002DE9F047089D8E4604468846002B4AD18A
:100250008A42174662D9B2FA82F64EB1C6F120033D
:1002600001FA06F820FA03F3B74043EA0808B4405D
:100270004FEA174E1FFA87FCB8FBFEF1230C0EFB6A
:10028000118843EA084301FB0CF29A4209D9FB1892
:1002900001F1FF3080F0EA809A4240F2E7800239B3
:1002A0003B449A1AA3B2B2FBFEF00EFB102243EAC3
:1002B000024300FB0CFC9C4509D9FB1800F1FF32FE
:1002C00080F0D6809C4540F2D3803B44023840EA1F
:1002D0000140A3EB0C0300211DB1F3400022C5E94E
:1002E0000032BDE8F0878B4205D90DB1C5E90001A8
:1002F00000210846F5E7B3FA83F1002946D173459A
:1003000002D3824200F20581841A6EEB03020120BF
:100310009046002DE5D0C5E90048E2E7002A00F04C
:100320009080B2FA82F6002E40F0A4808A1A030C64
:100330004FEA174E80B2BCB20121B2FBFEFC0EFBAD
:100340001C2243EA024304FB0CF29A4207D9FB1831
:100350000CF1FF3802D29A4200F2E080C4469B1AA8
:10036000B3FBFEF20EFB123340EA034302FB04F43C
:100370009C4207D9FB1802F1FF3002D29C4200F2E6
:10038000CA8002461B1B42EA0C40A5E7C1F12006C9
:100390008B4022FA06F71F430EFA01F420FA06F307
:1003A0002EFA06FE4FEA1749234300FA01F81FFA16
:1003B00087FCBEFBF9F01C0C09FB10EE44EA0E446E
:1003C00000FB0CFEA64502FA01F209D93C1900F126
:1003D000FF3A80F09C80A64540F2998002383C4468
:1003E000A4EB0E041FFA83FEB4FBF9F309FB1344DC
:1003F0004EEA044403FB0CFCA44508D93C1903F164
:10040000FF3E80F08280A4457FD9023B3C4443EA12
:100410000040A4EB0C04A0FB02EC64457346E146EB
:1004200062D35FD05DB1B8EB030264EB090404FA58
:1004300006F622FA01F31E43CC40C5E90064002110
:100440004FE7B1FBF2FC010C41EA0E4180B240EAF9
:1004500001423B4638463C46B846BE462026B1FBE4
:10046000F7F1A2EB080241EA0C4166E7014618E702
:1004700010462CE7C6F120022EFA02F3B740B14035
:1004800020FA02F24FEA174E0A43B3FBFEF8BCB261
:100490000EFB1833110C41EA034108FB04F9B0408C
:1004A00089454FEA104380B23ED9791808F1FF3CE4
:1004B00001D289451FD8A1EB0901B1FBFEF909FB67
:1004C00004F80EFB191192B242EA0142424529D2C8
:1004D000BA1809F1FF31C4D24245C2D2A9F10201D2
:1004E0003A44BEE7F0459DD2BEEB02036CEB070C2D
:1004F0000138E14696E7A7EB09094944A8F1020C47
:10050000B1FBFEF909FB04F8DBE773467FE75046D1
:1005100066E70846FDE63B44023A33E7ACF1020CDD
:100520003B441CE749469CE7A1EB0901C446B1FBEB
:10053000FEF909FB04F8C4E7704700BF10F8012B6F
:1005400011F8013B012A28BF9A42F7D0D01A704710
:10055000034613F8012B002AFBD1181A0138704703
:10056000034AD2F8883043F47003C2F888307047E9
:1005700000ED00E07047000090F83D30012B33D1D2
:10058000022380F83D300368DA6842F00102DA6045
:10059000164A93421AD0B3F1804F17D0A2F57C428D
:1005A000934213D002F5806293420FD002F580622D
:1005B00093420BD002F57842934207D002F5705275
:1005C000934203D0A2F59432934207D19968084A26
:1005D0000A40062A06D0B2F5803F03D01A6842F0DE
:1005E00001021A600020704701207047000001409E
:1005F000070001007047704770477047036870B587
:10060000DD6804461E69B2070DD5A9070BD56FF04A
:1006100002021A61012202779B699A0775D0FFF7DF
:10062000EAFF00232377730710D568070ED52368E8
:100630006FF0040220461A61022222779B6913F4AC
:10064000407F68D0FFF7D7FF0023237731070FD50E
:100650002A070DD523686FF0080220461A6104228C
:100660002277DB699B075CD0FFF7C5FF0023237768
:10067000F10610D5EA060ED523686FF01002204669
:100680001A6108222277DB6913F4407F4FD0FFF70D
:10069000B2FF00232377F30708D5E80706D52368C0
:1006A0006FF0010220461A6103F0E8FE16F4025FC3
:1006B00008D0290606D523686FF4025220461A6135
:1006C00000F0C1F8F20508D52B0606D523686FF4B3
:1006D000807220461A6100F0B7F8700608D56906E6
:1006E00006D523686FF0400220461A61FFF785FFA8
:1006F000B20622D5AB0620D523686FF02002204633
:100700001A61BDE8704000F09DB8FFF773FF204606
:10071000FFF772FF85E7FFF76DFF2046FFF76CFFDD
:1007200092E7FFF767FF2046FFF766FF9EE7FFF7B8
:1007300061FF2046FFF760FFABE770BD274A036803
:10074000904212D0B0F1804F0FD0A2F57C4290427F
:100750000BD002F58062904207D002F58062904291
:1007600003D002F57842904208D123F070034A6822
:10077000134323F44073CA68134316E0184A9042A7
:10078000F7D002F580629042F3D002F58062904289
:10079000EFD0A2F598329042EBD002F58062904201
:1007A000E7D002F580629042E3D04A6923F08003EB
:1007B00013438A68C2620A688262084A904203D080
:1007C00002F58062904201D10A690263026842F038
:1007D0000402026001224261036070470000014090
:1007E0000040014010B5044650B390F83D3003F08E
:1007F000FF021BB980F83C20FFF7BCFE02232068F3
:10080000211D84F83D30FFF799FF0123002084F873
:10081000483084F83E3084F83F3084F8403084F823
:10082000413084F8423084F8433084F8443084F80E
:10083000453084F8463084F8473084F83D3010BDA8
:100840000120FCE77047704770470000074903022A
:10085000CA6803F4E06322F4E0621204120C13434A
:1008600043F0BF6343F40033CB60704700ED00E01A
:10087000164B30B5DC68C4F30224C4F10703251D10
:10088000042B28BF0423062D4FF0FF358CBF033CFB
:10089000002405FA03F3002805FA04F521EA03030E
:1008A00022EA050203FA04F343EA02034FEA0313C0
:1008B000DBB206DB00F1604000F5614080F80033F8
:1008C00030BD00F00F00024A1354F9E700ED00E0DC
:1008D00014ED00E0002807DB4109012300F01F00B0
:1008E000024A834042F82130704700BF00E100E037
:1008F000BFF35F8F044B5A6A22F480325A6200229F
:10090000C3F89420704700BF00ED00E0064B40F0B4
:100910000100C3F894005A6A42F480325A62BFF36D
:100920004F8FBFF36F8F704700ED00E04378144A9C
:10093000C2F89830D2F8A03023F00103C2F8A030FA
:100940004368C2F89C30C37A017B1B0643EA0173FB
:1009500001780B43817A43EAC143417B43EA8143F7
:10096000817B43EA4143C17B43EA0143417A43EA45
:100970000123017A43EA4103C2F8A030704700BF67
:1009800000ED00E02DE9F341044640B30368DE07C3
:1009900010D423689D0761D42368190700F1A6804D
:1009A00023685A0700F1C780A269002A40F030810D
:1009B00000202CE0944B9A6802F00C02042A07D025
:1009C0009A6802F00C02082A0BD15B68590208D51C
:1009D0008D4B1B689A03DCD56368002BD9D10120AD
:1009E00015E06368884DB3F5803F13D12B6843F45D
:1009F00080332B6001F030F8834E054633689B034B
:100A0000C7D401F029F8401B6428F7D9032002B0AD
:100A1000BDE8F0819BB92B6823F480332B602B68F1
:100A200023F480232B6001F017F806462B689F0300
:100A3000AFD501F011F8801B6428F7D9E6E7B3F5CC
:100A4000A02F2B6803D143F480232B60CEE723F43F
:100A500080332B602B6823F48023CAE76A4B9A68A3
:100A600012F00C0F07D09A6802F00C02082A11D17C
:100A70005B685D020ED4644A1368990702D5E36887
:100A8000012BACD11368216923F0F80343EAC103B9
:100A9000136081E7E3685C4DBBB12B6843F0010351
:100AA0002B6000F0D9FF06462B689B0707D52B6803
:100AB000226923F0F80343EAC2032B606CE700F0DD
:100AC000CBFF801B0228EFD9A0E72B6823F001039E
:100AD0002B6000F0C1FF06462B689F077FF55CAFD7
:100AE00000F0BAFF801B0228F6D98FE76369464DF4
:100AF00083B16B6F43F001036B6700F0ADFF0646F7
:100B00006B6F9B073FF54CAF00F0A6FF801B0228E0
:100B1000F6D97BE76B6F23F001036B6700F09CFF56
:100B200006466B6F9F077FF53BAF00F095FF801B7C
:100B30000228F6D96AE7344B1A6CD50027D41A6C10
:100B4000012742F080521A641B6C03F0805301931A
:100B5000019B2E4D2B68D8051BD5A3682A4D012B70
:100B600027D12B6F43F001032B6741F2883800F047
:100B700073FF254E0546336F9A073FD5002F3FF48C
:100B800013AF214A136C23F0805313640CE7002742
:100B9000DFE72B6843F480732B6000F05DFF0646AF
:100BA0002B68D905D9D400F057FF801B6428F7D9EA
:100BB0002CE7ABB92B6F41F2883823F001032B6788
:100BC0002B6F23F004032B6700F046FF06462B6FC4
:100BD0009B07D3D500F040FF801B4045F7D915E7B0
:100BE000052B2B6F03D143F004032B67B9E723F0E8
:100BF00001032B672B6F23F00403B5E700F02CFFF4
:100C0000401B4045B7D901E7003802400070004062
:100C1000384DAB6803F00C03082B41D02B68022A37
:100C200023F080732B602ED100F016FF06462B6850
:100C3000990122D4A36A5B085A1ED4E907310B43F9
:100C400043EA0243626A43EA8213E26A43EA0263C6
:100C500043F000536B602B6843F080732B6000F00F
:100C6000FBFE244D04462B689A013FF5A1AE00F02F
:100C7000F3FE001B0228F6D9C8E600F0EDFE801B4B
:100C80000228D4D9C2E600F0E7FE04462B689B0197
:100C90007FF58EAE00F0E0FE001B0228F6D9B5E627
:100CA000012A6B683FF49BAE03F48002E1698A423B
:100CB0007FF495AE03F03F02216A8A427FF48FAE43
:100CC00047F6C072616A1A40B2EB811F7FF487AEAB
:100CD000A26A03F440315208013AB1EB024F7FF4AB
:100CE0007EAEE26A03F07063B3EB026F14BF0120C3
:100CF00000208CE600380240134908B58B6803F0E9
:100D00000C03042B1BD0082B1BD14A684B68496885
:100D100002F03F0213F48003C1F388111ABF0B489D
:100D200000230B48A1FB0001FFF772FA064B5B683A
:100D3000C3F3014301335B00B0FBF3F008BD03488C
:100D4000FCE70348FAE700BF0038024000127A00CF
:100D50000024F4002DE9F0410D46044610B90120AD
:100D6000BDE8F081454A136803F00F038B4228D396
:100D700021688F0730D4C80743D4404A136803F072
:100D80000F03AB4266D8226851076FD4130707D50B
:100D90003B4A2169936823F4604343EAC1039360AB
:100DA000FFF7AAFF364B374A9B68C3F30313D35CA4
:100DB000D840354B1860354B186803F05FFF0020B2
:100DC000CEE7136823F00F030B431360136803F09F
:100DD0000F038B42C3D1CBE711F0040F284B03D094
:100DE0009A6842F4E0529A600E0703D59A6842F47A
:100DF00060429A609A68A06822F0F00202439A600A
:100E0000B9E761681E4B01291A681BD112F4003F33
:100E1000A5D09A6841F28838194F22F003020A439C
:100E20009A6000F019FE0646BB68626803F00C0386
:100E3000B3EB820FA1D000F00FFE801B4045F3D929
:100E400003208DE7022902D112F0007FE0E712F0C3
:100E5000020FDDE7136823F00F032B4313601368C1
:100E600003F00F03AB427FF47AAF8CE70449E068EC
:100E70008B6823F4E05303438B6087E7003C024018
:100E800000380240109000080000002008000020F8
:100E9000044B054A9B68C3F38223D35C034A106862
:100EA000D840704700380240089000080000002039
:100EB000044B054A9B68C3F34233D35C034A106872
:100EC000D840704700380240089000080000002019
:100ED0000F2303600B4B9A6802F0030242609A688A
:100EE00002F0F00282609A6802F4E052C2609B68ED
:100EF000DB0803F4E0530361034B1B6803F00F03AB
:100F00000B60704700380240003C024003682DE946
:100F1000F74313F0010604460BD0AD4A916821F463
:100F200000019160466B91683143B6FA86F6760906
:100F3000916013F4002512D0A549E56BD1F88C20FF
:100F4000B5F5801F22F4401208BF012642EA0502CF
:100F500016BFB5FA85F500256D09C1F88C20D802B9
:100F600010D59B48216CD0F88C20B1F5800F22F46D
:100F7000400242EA0102C0F88C2000F0868100297C
:100F800008BF012513F0807F18BF0126990632D5CE
:100F90008F4B904F1A6C42F080521A641B6C03F016
:100FA00080530193019B3B6843F480733B6000F0E6
:100FB00053FD80463B68DA0540F16981844F226B1E
:100FC0003B6F13F4407340F06D81236B03F4407268
:100FD000B2F5407F7E4A40F08A81916823F07040EC
:100FE00021F4F81120F4407001439160C3F30B0326
:100FF000116F0B4313672368D9060CD5744AD2F8D6
:101000008C1021F08071C2F88C10D2F88C10A06B7B
:101010000143C2F88C105A0408D56D49606ED1F8AE
:10102000902022F440320243C1F890201F0408D5DA
:101030006749A06ED1F8902022F440220243C1F803
:101040009020D80308D56249E06ED1F8902022F4B0
:1010500040120243C1F89020990308D55C49206FE3
:10106000D1F8902022F440020243C1F890205A06A1
:1010700008D55749606CD1F8902022F00302024352
:10108000C1F890201F0608D55149A06CD1F89020D6
:1010900022F00C020243C1F89020D80508D54C4933
:1010A000E06CD1F8902022F030020243C1F8902089
:1010B000990508D54649206DD1F8902022F0C0024C
:1010C0000243C1F890205A0508D54149606DD1F816
:1010D000902022F440720243C1F890201F0508D5E9
:1010E0003B49A06DD1F8902022F440620243C1F840
:1010F0009020D80408D53649E06DD1F8902022F42C
:1011000040520243C1F89020990408D53049206E1E
:10111000D1F8902022F440420243C1F890205A02B4
:1011200008D52B49A06FD1F8902022F080620243AD
:10113000C1F890209F020CD52548E16FD0F890208F
:10114000B1F1006F22F0006208BF01250A43C0F828
:10115000902013F0080F18BF0125580308D51C492B
:10116000606FD1F8902022F040720243C1F89020C5
:10117000190209D51649D4F88000D1F8902022F040
:1011800080520243C1F89020012E00F0B4809A01F1
:1011900000F1B180012D76D10D4D2B6823F08053E5
:1011A0002B6000F059FC06462B689F0000F1278158
:1011B00021680E0301D5E36B1BB1CD0223D5236C4F
:1011C0000BBB034AD2F88830D2F8880004E000BF95
:1011D000003802400070004003F4403300F0E0406B
:1011E0000343606943EA8013A06943EA0063C2F8DD
:1011F0008830D2F88C30A06A23F4F853013843EADF
:101200000023C2F88C30880215D5E36FB3F1006F6C
:1012100011D1824AD2F88830D2F8880003F0706386
:1012200000F0E0400343606943EA8013206A43EA28
:101230000043C2F888300A0719D5784AD2F88810D6
:10124000D2F8883001F0706103F440330B436169D8
:1012500043EA8113E16943EA0173C2F88830D2F8A6
:101260008C30E16A23F440330B43C2F88C306B4C72
:10127000236843F08053236000F0EEFB05462368AB
:101280009B0040F1C380002009E001267AE600F0CF
:10129000E3FBA0EB080064287FF68CAE032003B0CC
:1012A000BDE8F08302F4407293423FF48EAE3B6F90
:1012B0003A6F23F4407342F480323A673A6F22F473
:1012C00080323A673B673B6FDB077FF57EAE00F00D
:1012D000C3FB41F2883980463B6F98073FF575AEF6
:1012E00000F0BAFBA0EB08004845F5D9D6E79168B5
:1012F00021F4F81179E6494E336823F080633360B6
:1013000000F0AAFB074633681B0172D42268D70796
:1013100012D5636B83B9D6F88430D6F8841003F401
:10132000403301F070610B43616843EA8113A168A7
:1013300043EA0173C6F88430160303D5E36BB3F5B3
:10134000801F05D0D0021ED5236CB3F5800F1AD1B3
:101350003249D1F88430D1F8840003F4403300F0EE
:10136000E0400343606843EA8013E06843EA0063B7
:10137000C1F88430D1F88C00636A20F01F00013B73
:101380000343C1F88C30D10111D52449D1F8843000
:10139000D1F8840003F0706300F0E040034360681C
:1013A00043EA8013206943EA0043C1F88430920184
:1013B0000DD5236962681B0443EA8213E26843EA9D
:1013C0000263A26843EA0273144AC2F88430134EDF
:1013D000336843F08063336000F03EFB07463368B8
:1013E0001B013FF5D7AE00F037FBC01B6428F6D9D0
:1013F00054E700F031FBC01B642884D94EE700F0AD
:101400002BFB801B64287FF6CFAE47E700F024FB60
:10141000401B64287FF633AF40E700BF003802402E
:101420002DE9F74F0023DFF8BC916C4A01240D68C9
:101430009C4004EA0506AC4340F0B7804D680327A2
:101440004FEA430E05F0030407FA0EFC671E6FEA2D
:101450000C0C012F34D8876807EA0C08CF6807FA0C
:101460000EF747EA08078760476827EA0608C5F3CA
:1014700000179F4047EA08074760C768022C07EA41
:101480000C088F6807FA0EF747EA0807C76019D1FA
:101490004FEAD30803F0070A4FF00F0B00EB880860
:1014A0004FEA8A0AD8F820700BFA0AFB27EA0B0BDE
:1014B0000F6907FA0AF747EA0B07C8F8207001E03E
:1014C000032CDAD1076804FA0EF415F4403F07EA5A
:1014D0000C0744EA0704046067D0D9F8444023F0BD
:1014E000030703F0030C4FF00F0E44F4804407F1A0
:1014F00080474FEA8C0CC9F8444007F59C37D9F86F
:1015000044400EFA0CFE04F480440194019CBC6833
:1015100024EA0E0E324CA0424ED004F58064A04264
:101520004CD004F58064A0424AD004F58064A04207
:1015300048D004F58064A04246D004F58064A042FF
:1015400044D004F58064A04242D004F58064A042F7
:1015500040D004F58064A0423ED004F58064A042EF
:1015600014BF0A24092404FA0CF415F4801F44EA79
:101570000E04BC606FEA060794680CBF3C4034431D
:1015800015F4001F9460D4680CBF3C40344315F43C
:10159000003FD46054680CBF3C403443ED035460BA
:1015A000146854BF3C40344314600133102B7FF463
:1015B0003DAF03B0BDE8F08F0024D4E70124D2E7AB
:1015C0000224D0E70324CEE70424CCE70524CAE7AD
:1015D0000624C8E70724C6E70824C4E7003C014006
:1015E00000000240003802400369194214BF012084
:1015F00000207047036802461820D9B21039B1FBA9
:10160000F0F010B5054C5F29205CD06523F47F70A5
:1016100020F0030088BF0430906510BD20900008C2
:1016200070B5044600F018FA0546002C60D002237D
:10163000226884F83530002384F83430136823F0AE
:101640000103136022681368D8072ED41368324848
:10165000A1691840D4E901352B43E5682B4325697E
:101660002B4365692B43E5690B432B43256A2B43C9
:101670000343606A042802BFD4E90B5635432B4369
:1016800004281360536923F0070343EA000335D1AC
:10169000A06AE56A03438DB391B9012820D030F0E8
:1016A00002012BD1E90129D51DE000F0D5F9401B3D
:1016B0000528C7D920230320636584F8350070BD51
:1016C000B1F5005F16D1032818D801A151F820F018
:1016D000E7160008A5160008E7160008E11600083E
:1016E000B5F1C07F0AD140236365002384F835300B
:1016F0000120E4E70228F6D90328D3D0536120461D
:10170000FFF778FFE26D3F239340836000200123C1
:10171000606584F83530D2E73F8010F070B590F8FE
:101720003440866D012C34D0012480F8344090F888
:101730003540012C4FF0000429D1022580F83550A6
:1017400044650468256825F4802525606360836806
:10175000402B19D1A260E160C26D3F239340B3607A
:10176000236843F016032360636943F080036361D9
:10177000036C1BB1236843F0080323602368002037
:1017800043F00103236070BDA160E260E4E780F8EC
:1017900034400220F7E770B50446866D00F05CF92E
:1017A000054694F83530022B06D08023012063656E
:1017B000002384F8343070BD23681A6822F01602C2
:1017C0001A605A6922F080025A61226C0AB9A26C2E
:1017D0001AB11A6822F008021A601A6822F001028F
:1017E0001A602368186810F0010007D1E26D3F23EA
:1017F0009340B360012384F83530D9E700F02CF929
:10180000401B0528EDD920230320636584F83500AB
:10181000CEE790F83530022B03D0802343650120BA
:1018200070470268052380F835300020136823F0E4
:1018300001031360704700000023F7B501930822ED
:101840005B4B0446856D1F68C36D2E689A4032421B
:101850000CD001680868400708D5086820F004002B
:101860000860AA60626D42F00102626501229A403E
:10187000324208D021684969090604D5AA60626D20
:1018800042F00202626504229A40324208D0216886
:101890000968880704D5AA60626D42F00402626597
:1018A00010229A40324210D02368196809070CD5DB
:1018B000AA601A68500337D51B68190301D4236C3A
:1018C00000E0A36C0BB120469847E16D20228A40CE
:1018D00032423AD023681868C60636D5AA6094F812
:1018E0003520052A1A6827D122F016021A605A6993
:1018F00022F080025A61226C0AB9A26C1AB11A68ED
:1019000022F008021A603F238B40AB60012384F869
:101910003530002384F83430236D002B45D0204629
:1019200003B0BDE8F04018471A68D205C7D41A685A
:1019300022F008021A60C2E7500327D51B6819037A
:1019400031D4636C0BB120469847636D6BB3636D04
:10195000DA0719D54FF416532268B7FBF3F70523BE
:1019600084F83530136823F001031360019B0133C1
:10197000BB42019302D81368DB07F7D4012384F834
:101980003530002384F83430E36CC6E71A6812F46B
:10199000807208D1196821F010011960012384F8C0
:1019A000342084F83530E36BCCE703B0F0BD00BFE2
:1019B00000000020406D7047194B37B51A6C194C68
:1019C00042F080521A641B6C03F080530193019B18
:1019D000236843F48033236000F03EF805466368D3
:1019E000DA030CD523680F4D43F40033236000F075
:1019F00033F804466B689B030AD5002006E000F02C
:101A00002BF8401BB0F57A7FE9D9032003B030BD35
:101A100000F022F8001BB0F57A7FEBD9F5E700BFA4
:101A2000003802400070004008B50320FEF70EFFAA
:101A30000F2003F023F903F003F9002008BD000094
:101A4000034A044B11681B780B441360704700BFB6
:101A5000BC00002004000020014B1868704700BF44
:101A6000BC000020026852E8003F23F4907342E873
:101A7000003102680029F5D102F1080353E8003F64
:101A800023F0010302F1080C4CE800310029F3D1E6
:101A9000036E012B07D152E8003F23F0100342E808
:101AA00000310029F7D12023C0F8803000230366DD
:101AB00083667047026852E8003F23F0800342E8E3
:101AC000003102680029F5D152E8003F43F040039D
:101AD00042E800310029F7D17047C26F0346212A3E
:101AE00011D1B0F8522092B20AB9FFF7E3BFC26C2D
:101AF000016812F8010B8862DA64B3F85220013AE7
:101B000092B2A3F852207047C26F0346212A13D124
:101B1000B0F8522092B20AB9FFF7CCBFDA6C006875
:101B200032F8021BC1F308018162DA64B3F8522073
:101B3000013A92B2A3F85220704700000346C06FEA
:101B4000202822D119B312B3A3F85220A3F85020B1
:101B50000022D964C3F884202122DA679A68B2F59A
:101B6000805F10D118690B4A0B49002818BF0A463C
:101B7000DA66196851E8002F42F0800241E800203F
:101B80000028F6D17047044AF2E70220704701208E
:101B9000704700BF091B0008DB1A0008F8B50446AF
:101BA0001346E56F202D30D1E1B1DAB1A4F852200F
:101BB0000026A4F850202122206FC4F88460E1643C
:101BC000E267226880B1124F2832C763114F076461
:101BD000114FC0E91376FFF7A1FD28B11023C4F817
:101BE0008430E5670120F8BD402223681A6222682C
:101BF00002F1080353E8003F43F0800302F10801BB
:101C000041E800300028F3D1EDE70220EBE700BF08
:101C1000BF1C0008071D0008131D000810B504466E
:101C2000226852E8003F23F4907342E800312368B1
:101C30000029F5D103F1080252E8002F22F0010239
:101C400003F1080040E800210029F3D1226E012AA7
:101C500007D153E8002F22F0100243E800210029A9
:101C6000F7D19A6852061BD503F1080252E8002FFB
:101C700022F0400203F1080040E800210029F3D1DE
:101C8000606F68B10165FFF786FD48B1606FFFF7CF
:101C900091FE202804D110230320C4F8843010BD05
:101CA000236800200F22A4F85A001A629A6942F0B1
:101CB00008029A612023C4F880302066EFE708B557
:101CC0000346806BDB69B3F5807F18D00023A0F852
:101CD0005230026802F1080353E8003F23F080030A
:101CE000083242E8003102680029F2D152E8003F90
:101CF00043F0400342E800310029F7D108BD03F06A
:101D00006BFFFBE77047806B08B5FFF7FBFF08BD73
:101D10007047806B0368C26FD0F8801010B59C6864
:101D200024060ED5212A0CD10022A0F8522053E817
:101D3000002F22F0C00243E80024002CF7D120221B
:101D4000C2679B685B0606D5222904D10023A0F850
:101D50005A30FFF787FED0F8843043F01003C0F804
:101D6000843003F04DFF10BD08B5806B0023A0F850
:101D70005A3003F045FF08BD70470000036870B596
:101D8000DA6940F60F061968044632429D680BD1A5
:101D9000960640F188808D0640F18580836E002B89
:101DA0007BD0BDE87040184705F00100964D0D400E
:101DB000054378D0D60709D5CD0507D501251D6285
:101DC000D4F8845045F00105C4F88450960708D52E
:101DD00038B102251D62D4F8845045F00405C4F8DA
:101DE0008450550708D538B104251D62D4F88450B5
:101DF00045F00205C4F8845016070BD501F0200504
:101E0000054307D008201862D4F8840040F0080089
:101E1000C4F8840015050AD5480108D54FF40060C0
:101E20001862D4F8843043F02003C4F88430D4F826
:101E30008430002B31D0920605D58B0603D5A36ED6
:101E40000BB12046984726682046D4F88420B36812
:101E500002F0280203F0400353EA02051ED0FFF708
:101E600001FEB3685E0615D5226802F1080353E847
:101E7000003F23F04003083242E800310029F3D14B
:101E8000606F38B1614B0365FFF7C3FC28B1606F29
:101E9000036D86E7204603F0B3FE70BD03F0B0FE8D
:101EA000C4F88450F9E7206E012840F08D80D506F3
:101EB00040F18A80C80640F1878010221A62996832
:101EC000B4F85820490651D5606F0168496889B255
:101ED000002942D0914240D2C269A4F85A10B2F50A
:101EE000807F2ED053E8002F22F4807243E8002137
:101EF0000029F7D103F1080252E8002F22F0010275
:101F000003F1080040E800210029F3D103F10802A1
:101F100052E8002F22F0400203F1080040E80021BF
:101F20000029F3D12022C4F88020216653E8002F35
:101F300022F0100243E800210029F7D1606FFFF77B
:101F40002AFC0223B4F858106366B4F85A30C91A50
:101F500089B22046FFF710FF9FE791429DD1C369E8
:101F6000B3F5807F99D102236366F2E7B4F85A1083
:101F7000B4F85A0089B280B200288ED0511A89B2C2
:101F800000298AD053E8002F22F4907243E8002001
:101F90000028F7D103F1080252E8002F22F00102D5
:101FA00003F1080545E800200028F3D12022A066AF
:101FB000C4F88020206653E8002F22F0100243E886
:101FC00000200028F7D1CEE7160607D50D0605D567
:101FD000E36E002B3FF461AF2046E2E650067FF54A
:101FE0005CAF4A067FF559AF53E8002F22F040025C
:101FF00043E800210029F7D120232046E166E3676A
:1020000003F0EAFD49E700BF20010004691D000854
:10201000D0F88020B0F85C10222A08B5036852D1AD
:102020005B6A426D0B401370436D01334365B0F83A
:102030005A30013B9BB2A0F85A30B0F85A309BB2EC
:10204000002B3FD1026852E8003F23F4907342E82E
:10205000003103680029F5D103F1080252E8002F8E
:1020600022F0010203F1080C4CE800210029F3D111
:1020700020228166C0F8802041665A68110205D48A
:10208000026E012A0BD003F0CDFD1BE053E8002FB8
:1020900022F0806243E800210029F7D1F0E7002216
:1020A000026653E8002F22F0100243E800210029C5
:1020B000F7D1DA69D20601D510221A62B0F85810A9
:1020C000FFF75AFE08BD9A6942F008029A61F9E7E3
:1020D000D0F88020B0F85C10222A08B503684FD1F0
:1020E0005A6A1140426D22F8021B4265B0F85A202C
:1020F000013A92B2A0F85A20B0F85A2092B2002ABF
:102100003DD153E8002F22F4907243E800210029CA
:10211000F7D103F1080252E8002F22F0010203F187
:10212000080C4CE800210029F3D120228166C0F878
:10213000802041665A68110205D4026E012A0BD034
:1021400003F070FD1BE053E8002F22F0806243E8AB
:1021500000210029F7D1F0E70022026653E8002FA2
:1021600022F0100243E800210029F7D1DA69D206F3
:1021700001D510221A62B0F85810FFF7FDFD08BD16
:102180009A6942F008029A61F9E7012208B503460C
:10219000806B4266026E012A12D1B0F858101B689B
:1021A0004A08A0F85A205B689BB2994201D3A0F874
:1021B0005A30B0F85A30C91A89B2FFF7DDFD08BDB0
:1021C000FFF7A6FDFBE70246806BD369B3F5807F7E
:1021D00010B532D00023A0F85A30016851E8003F12
:1021E00023F4807341E800340368002CF5D103F137
:1021F000080151E8001F21F0010103F1080C4CE82F
:102200000014002CF3D103F1080151E8001F21F064
:10221000400103F1080C4CE80014002CF3D12021FC
:10222000C0F88010016E012907D153E8001F21F08A
:10223000100143E80014002CF7D100234366016E1F
:10224000012911D1A0F85A301368B0F858105B6812
:102250009BB2994201D9A0F85A30B0F85A30C91A45
:1022600089B2FFF789FD10BD03F0DCFCFBE700003D
:1022700038B50446C0692169A26823680A436169C8
:102280001D680A436E4902432940256A0A43E168F2
:102290001A605A6822F440520A435A60A269996847
:1022A0002A4321F430610A439A60664A934213D16B
:1022B000654BD3F8903003F00303022B00F0A580A8
:1022C000032B00F09C80012B67D0B0F5004F00F08D
:1022D0009080FEF7EDFD12E05C4A934226D15A4B06
:1022E000D3F8903003F00C03082B00F08E8016D842
:1022F000002B52D1B0F5004F76D0FEF7C9FD002873
:1023000075D0626800EB5203B3FBF2F34FF6EF7245
:10231000A3F11001914204D82268D36067E00C2B2E
:102320006DD001200023C4E91A3338BD484A9342D6
:1023300009D1454BD3F8903003F03003202B64D003
:10234000D6D9302BECE7434A934209D13E4BD3F820
:10235000903003F0C003802B57D0C9D9C02BDFE7E2
:102360003D4A93420BD1384BD3F8903003F440737D
:10237000B3F5007F49D0BBD9B3F5407FD0E7374AEA
:10238000934213D1304BD3F8903003F44063B3F54C
:10239000006F3AD007D8002B97D0B0F5004F2BD163
:1023A000FEF7AAFC22E0B3F5406FB9E72C4A93424E
:1023B0000BD1254BD3F8903003F44053B3F5005FB5
:1023C00023D095D9B3F5405FAAE7264A9342A8D116
:1023D0001D4BD3F8903003F44043B3F5004F14D0B5
:1023E00086D9B3F5404F9BE7FEF752FD90B9002028
:1023F00098E7FEF75DFDF9E7FEF77EFC7FE7B0F5B5
:10240000004F07D04FF400407BE7B0F5004F16486F
:102410007FF477AF6268530803EB4003B3FBF2F33A
:102420004FF6EF72A3F1100191423FF67AAF23F01D
:102430000F02C3F34203216892B21343CB60D6E785
:10244000F369FFEF001001400038024000440040F3
:1024500000480040004C0040005000400014014083
:1024600000780040007C00400024F400436A1A0712
:1024700010B506D50168446B4A6822F40042224335
:102480004A60DC0706D50168846A4A6822F4003293
:1024900022434A60990706D50168C46A4A6822F453
:1024A000803222434A605A0706D50168046B4A68A5
:1024B00022F4802222434A60DC0606D50168846B40
:1024C0008A6822F4805222438A60990606D5016800
:1024D000C46B8A6822F4005222438A605A0610D5DF
:1024E0000168046C4A68B4F5801F22F4801242EA45
:1024F00004024A6005D14A68446C22F4C0022243B7
:102500004A601B0606D50268816C536823F40023D9
:102510000B43536010BD2DE9F843DDF820900446CD
:102520000D46174698462268D36935EA03030CBF67
:1025300001230023BB4201D0002022E0B9F1FF3F7C
:10254000F2D0FFF789FAA0EB0800484529D8B9F185
:10255000000F26D021680B685A07E4D5802DE2D001
:10256000402DE0D0CE6916F008060CD00825204694
:102570000D62FFF777FA00230120C4F8845084F835
:102580007830BDE8F883CB691B05CCD54FF40063E8
:1025900020460B62FFF766FA202384F87860C4F8BF
:1025A00084300320EDE737B500250446C0F8845099
:1025B000FFF752FA22680346126812071AD56FF025
:1025C0007E424FF40011204600922A46FFF7A3FFF7
:1025D00080B1226852E8003F23F0800342E80031D6
:1025E0000029F6D120230320E367002384F8783004
:1025F00003B030BD20230020E367C4F8803020669C
:102600006066F2E710B5044640B3C36F1BB980F8AB
:10261000783002F0BDF824232268E367136823F0C2
:1026200001031360636A13B12046FFF71FFF2046C2
:10263000FFF71EFE012811D0236820465A6822F4B5
:1026400090425A609A6822F02A029A601A6842F010
:102650000102BDE810401A60FFF7A5BF012010BDC0
:10266000A0F858200023A0F85A2082684165B2F5EE
:10267000805F83662CD10369002B40F2FF1318BFE3
:10268000FF23A0F85C300023C0F884302223C0F878
:102690008030026802F1080353E8003F43F0010371
:1026A000083242E8003102680029F2D181680369EA
:1026B000B1F5805F27D1DBB1154B836652E8003F4F
:1026C00043F4907342E800310029F7D100207047AD
:1026D0002AB90369002B0CBFFF237F23D1E7B2F196
:1026E000805FCED10369002B0CBF7F233F23C8E757
:1026F000084B836652E8003F43F0200342E8003174
:102700000029F7D1E2E702498166002BF2D0D5E734
:1027100011200008D1200008D0F88030202B30B4E0
:1027200012D1A1B19AB100230468036663681B0249
:1027300007D554E8003F43F0806344E80035002D9E
:10274000F7D130BCFFF78CBF022030BC70470120AE
:10275000FBE7000070B51346A0F85820002204469D
:102760004165C0F8842022202568C4F88000606F8D
:10277000A0B11C4EC6631C4E06641C4EC0E9136219
:102780000A4605F12401FEF7C9FF38B110230120E4
:10279000C4F884302023C4F8803070BD22692368D7
:1027A0003AB153E8002F42F4807243E80021002937
:1027B000F7D103F1080252E8002F42F0010203F1C1
:1027C000080040E800210029F3D103F1080252E893
:1027D000002F42F0400203F1080141E800200028E8
:1027E000F3D1DAE7C72100088B210008131D000888
:1027F000D0F88030202B30B412D1A1B19AB100238F
:102800000468036663681B0207D554E8003F43F081
:10281000806344E80035002DF7D130BCFFF79ABF44
:10282000022030BC70470120FBE700F108034FF0A5
:10283000FF3243600361C0E9022300230360704755
:1028400000230361704743689A684B608A60516057
:1028500099600368086101330360704730B50C6804
:10286000631C0AD103695A684A6091608B605960A1
:10287000036808610133036030BD00F108021346AC
:1028800052681568A542FAD9EDE70369D0E901124B
:102890008A6051605968814208BF5A600022026113
:1028A0001A68013A1A601868704710B5044601F0BA
:1028B00029FCA46B01F04AFCB4FA84F0400910BD75
:1028C00070B51646026C0446856B42B906689EB91F
:1028D000806800F0A3FFA6600135A56370BD6EB9E6
:1028E000406806F077FB6368226C1344A268934249
:1028F000636024BF236863600020EDE7C06806F0D2
:1029000069FB226CE36851429B1A22689342E360A0
:102910003EBFA3685B18E360022EEDD10DB1013D0F
:10292000EAE72846D8E7034608461A6C10B462B1B5
:10293000DC68996814448C42DC605DF8044B24BF69
:102940001968D960D96806F045BB5DF8044B70473B
:1029500070B5044601F0D6FB94F8455004F1240606
:102960006DB2002D01DD636AB3B9FF2304F11006D7
:1029700084F8453001F0EAFB01F0C4FB94F84450C0
:102980006DB2002D01DD23697BB9FF2384F844304B
:10299000BDE8704001F0DABB304600F099FE08B1A6
:1029A00000F026FF013D6DB2DBE7304600F090FEFF
:1029B00008B100F01DFF013D6DB2E2E738B50D46EC
:1029C000044650B94FF0500372B683F31188BFF339
:1029D0006F8FBFF34F8F62B6FEE701F093FB226863
:1029E000D4E90F3162604B43D0185B1AA0601A44DF
:1029F0000020FF23E260A06384F8443084F845306F
:102A0000A5B9236973B104F1100000F061FE48B16B
:102A10004FF0E0234FF08052C3F8042DBFF34F8FE7
:102A2000BFF36F8F01F092FB012038BD04F110005D
:102A3000FFF7FBFE04F12400FFF7F7FEF2E737B5DE
:102A40000D461C4653B94FF0500372B683F31188FC
:102A5000BFF36F8FBFF34F8F62B6FEE75AB1B1B9C4
:102A60004FF0500372B683F31188BFF36F8FBFF33B
:102A70004F8F62B6FEE751B14FF0500372B683F349
:102A80001188BFF36F8FBFF34F8F62B6FEE75023FD
:102A90000193019B502B0AD04FF0500372B683F381
:102AA0001188BFF36F8FBFF34F8F62B6FEE701212E
:102AB000002D08BF2246019B84F846102260C4E91D
:102AC0000F052046FFF77AFF9DF81830204684F85E
:102AD0004C3003B030BD10B49DF8044050B94FF0F5
:102AE000500372B683F31188BFF36F8FBFF34F8F1C
:102AF00062B6FEE701945DF8044BFFF7A0BF2DE935
:102B0000FF410F461E460446019250B94FF0500354
:102B100072B683F31188BFF36F8FBFF34F8F62B626
:102B2000FEE761B9036C53B14FF0500372B683F303
:102B30001188BFF36F8FBFF34F8F62B6FEE7022E8F
:102B40000DD1E36B012B0AD04FF0500372B683F323
:102B50001188BFF36F8FBFF34F8F62B6FEE700F0AF
:102B60004DFE054620B300254FF0000801F0CAFADB
:102B7000A26BE36B9A4229D2324639462046FFF7D0
:102B80009FFE636A1BB104F1240000F0A1FD48B16F
:102B90004FF0E0234FF08052C3F8042DBFF34F8F66
:102BA000BFF36F8F01F0D2FA012004B0BDE8F081CD
:102BB000019B002BD8D04FF0500372B683F31188DD
:102BC000BFF36F8FBFF34F8F62B6FEE7022ED3D0F5
:102BD000019B1BB901F0BAFA0020E6E715B902A87B
:102BE00000F0BAFD01F0B2FA00F086FB01F08AFABB
:102BF00094F84430FF2B01D184F8448094F8453098
:102C0000FF2B01D184F8458001F0A0FA01A902A8A8
:102C100000F0AEFD38BB01F075FAA26BE36B9A428F
:102C20000ED101F093FA019904F1100000F014FDA7
:102C30002046FFF78DFE00F00DFC48B1012595E719
:102C400001F084FA2046FFF783FE00F003FCF5E76D
:102C50004FF0E0234FF08052C3F8042DBFF34F8FA5
:102C6000BFF36F8FEAE72046FFF772FE00F0F2FB3A
:102C7000B2E72DE9F843894617461E46044650B987
:102C80004FF0500372B683F31188BFF36F8FBFF319
:102C90004F8F62B6FEE761B9036C53B14FF050033A
:102CA00072B683F31188BFF36F8FBFF34F8F62B695
:102CB000FEE7022E0DD1E36B012B0AD04FF050033B
:102CC00072B683F31188BFF36F8FBFF34F8F62B675
:102CD000FEE701F013FBEFF311884FF0500372B6DB
:102CE00083F31188BFF36F8FBFF34F8F62B6A26B70
:102CF000E36B9A4201D3022E1DD194F8455032461F
:102D0000494620466DB2FFF7DBFD6B1C0ED1636AAE
:102D10003BB104F1240000F0DBFC10B10FB1012342
:102D20003B60012088F31188BDE8F88301356DB25E
:102D300084F84550F5E70020F4E72DE9FF410E4601
:102D40000446019250B94FF0500372B683F31188D4
:102D5000BFF36F8FBFF34F8F62B6FEE761B9036CAD
:102D600053B14FF0500372B683F31188BFF36F8FE6
:102D7000BFF34F8F62B6FEE700F040FD054618B383
:102D800000254FF0000801F0BDF9A76B57B3013FD4
:102D900031462046FFF7C7FDA763236973B104F1ED
:102DA000100000F095FC48B14FF0E0234FF0805246
:102DB000C3F8042DBFF34F8FBFF36F8F01F0C6F937
:102DC000012004B0BDE8F081019B002BD9D04FF069
:102DD000500372B683F31188BFF36F8FBFF34F8F29
:102DE00062B6FEE7019B1BB901F0B0F90020E8E7ED
:102DF00015B902A800F0B0FC01F0A8F900F07CFAC7
:102E000001F080F994F84430FF2B01D184F844801C
:102E100094F84530FF2B01D184F8458001F096F9F4
:102E200001A902A800F0A4FC00BB2046FFF73DFD6D
:102E3000B0B1019904F1240000F00EFC2046FFF728
:102E400087FD00F007FB48B94FF0E0234FF08052B8
:102E5000C3F8042DBFF34F8FBFF36F8F012592E7A7
:102E60002046FFF775FD00F0F5FAF7E72046FFF77B
:102E70006FFD00F0EFFA2046FFF717FD0028EDD0B8
:102E8000B4E770B504460D46164601F03BF994F8D8
:102E90004430FF2B02D1002384F8443094F84530AD
:102EA000FF2B02D1002384F8453001F04FF9A36BCA
:102EB0002BB93246294604F1240000F0E9FB2046F4
:102EC000BDE87040FFF744BD2DE9F041044601F034
:102ED00019F92F4B2F4E1A682F4F01321A6035689F
:102EE000002D4AD134601B68012B1FD1B846013533
:102EF0004046FFF79AFC08F11408382DF7D1DFF8A7
:102F0000C080264D4046FFF790FC2846FFF78DFC19
:102F10002348FFF78AFC2348FFF787FC2248FFF786
:102F200084FC224BC3F80080214B1D60214A1368AA
:102F300001331360204A63641168E36A8B4200D94D
:102F400013601420211D00FB0370FFF77CFC01F0CF
:102F5000FDF81A4B1B6873B13368DA6AE36A9A4268
:102F600009D24FF0E0234FF08052C3F8042DBFF395
:102F70004F8FBFF36F8FBDE8F081104B1A68E36A83
:102F8000002AD3D13268D26A9A42CFD83460CDE7D2
:102F9000E4000020B8050020580100203001002086
:102FA0001401002000010020E80000202C01002076
:102FB00028010020C8000020DC000020D8000020EC
:102FC00044010020F8B5154B0646154D0F461C6808
:102FD00028680430FFF759FC731C07D137B1296802
:102FE00010480431BDE8F840FFF72DBCA4192B6848
:102FF0005C6007D30C4B18682968BDE8F8400431C1
:10300000FFF72CBC094B186829680431FFF726FC30
:10301000074B1A68A24200D91C60F8BDE0000020EE
:10302000B8050020E8000020280100202C01002025
:10303000C4000020064A13681968064B19B94FF0FE
:10304000FF321A6070471268D268D2685268F8E797
:103050002C010020C400002010B590F8593004461F
:103060003BB9006B00F0A6FF2046BDE8104000F021
:10307000A1BF012BF9D0022B0AD04FF0500372B63A
:1030800083F31188BFF36F8FBFF34F8F62B6FEE7F4
:1030900010BD000080B5134C134F144D236873B955
:1030A000134B1B68012BF8D94FF0E0234FF08052EF
:1030B000C3F8042DBFF34F8FBFF36F8FEDE701F01F
:1030C00021F8FB68DE68301DFFF7DFFB2B68013B52
:1030D0002B602368013B236001F038F83046FFF78E
:1030E000BBFFDBE7FC00002000010020E400002023
:1030F000580100202DE9F047960007460D46A5210E
:1031000032469846043EDDE90994206B05F016FF2F
:10311000236B1E4426F00706A5B36B1E04F1330291
:103120000F3513F8011F02F8011F09B1AB42F8D1A6
:10313000002384F84330089D4FF0000A201D372DEE
:10314000C4F850A028BF3725E562E564C5F138050D
:10315000FFF776FB04F11800FFF772FBC4F854A0E8
:103160004246394630462461A561646284F858A01D
:1031700000F09EFF2060B9F1000F01D0C9F80040B7
:10318000BDE8F08784F83450D5E770B586B0DDE946
:103190000B5455B94FF0500372B683F31188BFF347
:1031A0006F8FBFF34F8F62B6FEE754B94FF05003F5
:1031B00072B683F31188BFF36F8FBFF34F8F62B680
:1031C000FEE75C260596059E5C2E0AD04FF0500364
:1031D00072B683F31188BFF36F8FBFF34F8F62B660
:1031E000FEE725630225059E84F8595004AD02943C
:1031F00001950A9D0095FFF77DFF2046FFF764FECD
:10320000049806B070BD2DE9F043074685B09000E4
:1032100088461646994600F039FE054620B94FF01B
:10322000FF3005B0BDE8F0835C2000F02FFE0446BF
:1032300098B1002305633246414680F859300D9B12
:103240000290384601930C9B00934B46FFF752FFC8
:103250002046FFF739FE0120E3E7284600F0AAFEEA
:10326000DDE7000010B588B0002407AA06A905A86C
:10327000CDE9054400F0CCFD059B079A0293069B1F
:1032800018491948CDE900432346FFF77EFF38B3BC
:1032900000F056FB012816D14FF0500372B683F3AD
:1032A0001188BFF36F8FBFF34F8F62B60F4B4FF094
:1032B000FF321A600E4B18600E4B1C6008B0BDE860
:1032C000104000F0B9BF01300AD14FF0500372B680
:1032D00083F31188BFF36F8FBFF34F8F62B6FEE7A2
:1032E00008B010BD2890000895300008C4000020E8
:1032F000D8000020E0000020024A13680133136068
:10330000704700BFC0000020014B1868704700BF25
:10331000E000002008B500F0F1FF014B186808BD7F
:10332000E0000020404B1B682DE9F74F002B73D1C4
:103330003E4B1C6801341C60CCB93D4B1A681268C6
:1033400052B14FF0500372B683F31188BFF36F8F01
:10335000BFF34F8F62B6FEE7364A196810681860EF
:103360001160354A136801331360FFF763FE334D74
:103370004FF0000B324E2B68324FA34211D93A68FE
:103380001421D26A4A43B258022A28BF4FF0010BD7
:103390002D4A1268002A0CBF5846012003B0BDE830
:1033A000F08FDFF88C90DFF8A8A0D9F80020126821
:1033B0001AB94FF0FF322A60E1E7D9F80020D2684D
:1033C000D2F80C80D8F804108C4201D22960D6E7DC
:1033D00008F1040318460193FFF757FAD8F82810AC
:1033E00019B108F11800FFF750FAD8F82C00DAF8F4
:1033F0000010884201D9CAF800001423019903FB88
:103400000060FFF720FA3868D8F82C10C26A9142A1
:1034100028BF4FF0010BC8E70C4A4FF0000B1368B0
:1034200001331360B4E700BFC0000020E0000020BB
:103430002C01002028010020CC000020C400002026
:1034400058010020B8050020D0000020D400002042
:10345000DC0000202DE9F041314C236853B94FF0D6
:10346000500372B683F31188BFF36F8FBFF34F8F92
:1034700062B6FEE700F046FE2368013B2360246845
:103480002CB1002400F062FE2046BDE8F081254BFF
:103490001B68002BF5D0244D244EDFF8A0801DE0E2
:1034A000EB68DC68271D04F11800FFF7EEF93846D9
:1034B000FFF7EBF9E36A3268934200D933601420D6
:1034C000394600FB0380FFF7BEF9194BE26A1B681F
:1034D000DB6A9A4202D3174B01221A602B68002B39
:1034E000DED10CB1FFF7A6FD134D2C6844B1114E8F
:1034F0000127FFF717FF00B13760013CF9D12C60BD
:103500000C4B1B68002BBCD04FF0E0234FF08052D7
:10351000C3F8042DBFF34F8FBFF36F8F0124B1E7C2
:10352000C0000020E400002014010020DC00002086
:10353000B8050020D0000020D40000205801002051
:1035400010B550B94FF0500372B683F31188BFF332
:103550006F8FBFF34F8F62B6FEE751B94FF0500344
:1035600072B683F31188BFF36F8FBFF34F8F62B6CC
:10357000FEE7194B1B6853B14FF0500372B683F34B
:103580001188BFF36F8FBFF34F8F62B6FEE7FFF76F
:10359000B3FE124B04681A6863182CBF0121002186
:1035A00094420FD979B90360FFF754FF48B94FF03F
:1035B000E0234FF08052C3F8042DBFF34F8FBFF3C9
:1035C0006F8F10BD09B99A42EDD203600021981A9D
:1035D000FFF7F8FCE8E700BFC0000020E000002093
:1035E000184B1A68184B70B512B101221A6070BDE1
:1035F000164D14261A6016492A6806FB02F3CC58A9
:10360000C8188CB14468083364680B449C42446019
:1036100004BF63684360142303FB02114B68D9683D
:103620000C4B19602A60E2E752B94FF0500372B6B2
:1036300083F31188BFF36F8FBFF34F8F62B6FEE73E
:10364000013ADAE7C0000020D0000020DC000020B2
:1036500058010020B805002010B50C4650B94FF0B5
:10366000500372B683F31188BFF36F8FBFF34F8F90
:1036700062B6FEE7054B19681831FFF7EFF82046F0
:103680000121BDE81040FFF79DBC00BFB805002038
:1036900038B50D46144650B94FF0500372B683F357
:1036A0001188BFF36F8FBFF34F8F62B6FEE7074BF2
:1036B00019681831FFF7C7F8002C21460CBF2846BF
:1036C0004FF0FF30BDE83840FFF77CBCB805002064
:1036D00038B5C368DC6854B94FF0500372B683F351
:1036E0001188BFF36F8FBFF34F8F62B6FEE704F10F
:1036F00018052846FFF7C9F8114B1B68D3B9251DDB
:103700002846FFF7C2F80F4AE36A11688B4200D9D6
:10371000136014200C4A294600FB0320FFF793F89E
:103720000A4BE26A1B68DB6A9A4206D90120084B01
:10373000186038BD29460748F0E70020F9E700BFC8
:10374000C0000020DC00002058010020B805002047
:10375000D000002014010020034B1B680360034BC2
:103760001B684360704700BFCC000020E0000020D1
:1037700070B50C46054650B94FF0500372B683F34E
:103780001188BFF36F8FBFF34F8F62B6FEE751B959
:103790004FF0500372B683F31188BFF36F8FBFF3FE
:1037A0004F8F62B6FEE700F0ADFC0F4B196823683F
:1037B0005A1C10D00D482E6800686A68864201D0F5
:1037C0008A420FD9881A83420AD95B1A28461344C1
:1037D0002360FFF7C1FF002400F0B8FC204670BD55
:1037E000002323600124F7E7E0000020CC00002044
:1037F000014B01221A607047D0000020054B1B6866
:1038000033B1054B1868B0FA80F0400940007047AA
:1038100001207047D8000020C000002038B508B94A
:10382000002038BD1D4B1C6884420AD04FF0500365
:1038300072B683F31188BFF36F8FBFF34F8F62B6F9
:10384000FEE7236D53B94FF0500372B683F311882E
:10385000BFF36F8FBFF34F8F62B6FEE7E16A013BA4
:10386000E26C23659142DBD0002BD9D1251D28467F
:10387000FFF70BF8E36CC3F13802E362A261084A78
:1038800011688B4200D91360064A1420294600FBB8
:103890000320FEF7D8FF0120C3E700BFB8050020D2
:1038A000DC00002058010020914208B54160006111
:1038B0000AD8D21A83699A420DD2011D074B1868A3
:1038C000FEF7CCFF002008BD9A4201D2994202D2F5
:1038D000011D034BF3E70120F5E700BFB806002008
:1038E000BC060020F7B50F4C00F00CFC25689DB914
:1038F0000D4F0E4E3846FEF798FF3046FEF795FF07
:103900000B4B0C4A10211F600A200B4B1E600B4B07
:103910000095FFF7E0F8206003B0BDE8F04000F04C
:1039200015BC00BFB4060020D4060020C00600204D
:10393000BC0600200C060020B8060020BC050020B4
:1039400010B588B0FFF7CEFF134B1B68B3B100244E
:1039500007AA06A905A8CDE9054400F065FA059B6C
:10396000079A0293069B0D49019302230C4800938A
:103970002346FFF70AFC0B4B186050B94FF0500379
:1039800072B683F31188BFF36F8FBFF34F8F62B6A8
:10399000FEE7012008B010BDB40600202D900008FD
:1039A000A93A0008B00600207FB5164604461A461C
:1039B00050B94FF0500372B683F31188BFF36F8F85
:1039C000BFF34F8F62B6FEE70C4D286878B105292A
:1039D0000294CDE900160CDCFFF710FF002302284B
:1039E000694628680CBF089A1A46FFF788F804B0A1
:1039F00070BD00236946FFF73CF9F8E7B4060020E4
:103A00002DE9F347DFF89C800646FFF77DFC05466D
:103A1000D8F80030834209D9204F3B681A686AB948
:103A20001F4A116813600123396000E00023284613
:103A30003360C8F8005002B0BDE8F087DB68DC688E
:103A4000D3F8009004F1040A5046FEF71EFF236AE3
:103A50002046984794F828305B07DED5A3694B448D
:103A6000994506D25146386863602461FEF7F6FE38
:103A7000D3E700234A46204619460093FFF794FFF8
:103A80000028CAD14FF0500372B683F31188BFF3F8
:103A90006F8FBFF34F8F62B6FEE700BFBC060020FA
:103AA000B8060020AC0600202DE9F043714D89B026
:103AB000714E2B68D3F80080B8F1000F37D0DB6867
:103AC0000024D3F80080FFF717FC04A8FFF798FF45
:103AD000049B8146002B6BD1002C4ED1404552D324
:103AE000FFF7B8FC2B68DB68DF68381DFEF7CDFEFA
:103AF00097F8283058071CD5B96943464A463846D6
:103B00004144FFF7D1FEC0B1234642462146384624
:103B10000094FFF749FF80B94FF0500372B683F36A
:103B20001188BFF36F8FBFF34F8F62B6FEE701249A
:103B3000C9E723F0010387F828303B6A38469847E5
:103B4000002204A93068FFF7F8F80028B1D0049BE0
:103B50000698002B2FDB069C6369002B32D103A84B
:103B6000FFF74EFF049B0246092BE9D8DFE803F07C
:103B70002E2E2E59607A2E2E5960404B1B681C68E1
:103B8000B4FA84F464092246A8EB09013068FFF70F
:103B900078F9FFF75FFC0028D2D14FF0E0234FF017
:103BA0008052C3F8042DBFF34F8FBFF36F8FC7E769
:103BB000FFF750FCC4E7059B07999847049B002B2F
:103BC000BEDBC8E7201DFEF760FEC8E794F828308A
:103BD0002046A16943F0010384F82830059B19446D
:103BE000FFF762FE0028ABD0236A2046984794F87E
:103BF00028305907A4D5A2690023059920460093CF
:103C00000A441946FFF7D0FE002899D14FF050031F
:103C100072B683F31188BFF36F8FBFF34F8F62B615
:103C2000FEE794F8283023F0010384F8283087E772
:103C300094F8283043F0010384F828300599A161F5
:103C400051B94FF0500372B683F31188BFF36F8FF1
:103C5000BFF34F8F62B6FEE7034601442046FFF7ED
:103C600023FE6DE794F828309A07DCD4204600F054
:103C7000A1F965E7BC060020B4060020B8060020C4
:103C8000EFF3058313B16FF005007047EFF3108277
:103C9000074B12B9EFF3118212B11A68022AF2D05F
:103CA000186810B901221A6070474FF0FF30704752
:103CB000A013002008B5EFF3058313B16FF00500E2
:103CC00008BDEFF310820A4B12B9EFF3118212B163
:103CD0001A68022AF2D01A68012A05D102221A6053
:103CE000FFF7C0FA0020EBE74FF0FF30E8E700BF36
:103CF000A0130020EFF305830BB1FFF70BBBEFF32D
:103D0000108313B9EFF311831BB1034B1B68022B14
:103D1000F3D0FFF7F9BA00BFA01300204FF47A7078
:103D200070470000F0B5144687B000220B4605929C
:103D3000EFF305824ABBEFF3108212B9EFF3118261
:103D40001AB1204A1268022A1FD0F0B15CB3A569EB
:103D500025B16A1E372A02D9002017E018256268AB
:103D6000D207F9D466699EB1B2082168D4E9027C11
:103D70008FB1BCF15B0F08D9246934B12EB1009525
:103D8000CDE90147FFF701FA0590059807B0F0BDAE
:103D90004FF48072E9E7BCF1000FF6D12469002CE2
:103DA000F3D10C4602E018254FF4807205A992B2B7
:103DB000CDE900512146FFF726FA01281CBF002358
:103DC0000593E2E7A013002013B50446EFF3058343
:103DD0001BB16FF0050002B010BDEFF3108313B9F3
:103DE000EFF311831BB1094B1B68022BF1D0FFF7D6
:103DF0008BFA211A0190002904DD01A8FFF7A0FB2E
:103E00000020E8E76FF00300E5E700BFA013002003
:103E1000034B0360034B0B604FF4807313607047D8
:103E200044130020440F0020034B0360034B0B603E
:103E30004FF4007313607047E80E0020E80600207E
:103E4000104B10B51A461B688342FBD354681119F6
:103E5000884201BF41681046091951604468011940
:103E60008B420CD1084909688B4203D05968214420
:103E7000416019689042016018BF106010BD19467A
:103E8000F8E700BFB4130020B01300202DE9F04183
:103E90000446FFF731FA4149414D0B680BBB414ADB
:103EA0005607414E1BBFD01D02F500424FF40043A0
:103EB00020F007001CBF131A024600201344326092
:103EC0007060083B23F00703C3E90000981A0B60F9
:103ED000C2E90030354B1860354B18604FF0004395
:103EE0002B602E68264254D1002C43D004F10803E5
:103EF00060071CBF23F007030833002B49D02C4F69
:103F00003C689C4245D3284A15686868984204D2A8
:103F1000D5F800C0BCF1000F17D10968A94238D00C
:103F20002968D2F800801160C21A102A14D9E81842
:103F300041070DD04FF0500372B683F31188BFF3E1
:103F40006F8FBFF34F8F62B6FEE72A466546DCE708
:103F500042606B60FFF774FF6A6800231349A41A7C
:103F6000164308683C6084426E602B6038BF0C606A
:103F700008F10804FFF76EFA63070CD04FF0500306
:103F800072B683F31188BFF36F8FBFF34F8F62B6A2
:103F9000FEE70024EEE72046BDE8F081B0130020E4
:103FA000A4130020BC130020B4130020A813002089
:103FB000AC13002010B50446002832D0194A50F83E
:103FC000043C126813420AD14FF0500372B683F3D7
:103FD0001188BFF36F8FBFF34F8F62B6FEE750F8C3
:103FE000081C51B14FF0500372B683F31188BFF330
:103FF0006F8FBFF34F8F62B6FEE723EA020340F8EC
:10400000043CFFF779F9084A54F8043CA4F108008D
:1040100011680B441360FFF713FFBDE81040FFF772
:1040200019BA10BDA4130020AC1300200848006882
:10403000006880F308884FF0000080F3148862B6AF
:1040400061B6BFF34F8FBFF36F8F00DF00BF00007B
:1040500008ED00E0DFF80C00016841F47001016038
:104060007047000088ED00E0002382B001930F4B01
:104070001B6801330AD04FF0500372B683F31188E6
:10408000BFF36F8FBFF34F8F62B6FEE74FF0500361
:1040900072B683F31188BFF36F8FBFF34F8F62B691
:1040A000019B002BFCD002B0704700BF0C00002029
:1040B0004FF0807321F0010140F8202C4438036454
:1040C000034BC16383636FF002030362704700BF59
:1040D000694000080000000000000000000000002F
:1040E000074B19680868B0E8F04F80F30988BFF300
:1040F0006F8F4FF0000080F311887047AFF300809E
:10410000B80500204FF0500372B683F31188BFF357
:104110006F8FBFF34F8F62B60B4A13680133012BC9
:10412000136010D14FF0E023D3F8043DDBB253B15C
:104130004FF0500372B683F31188BFF36F8FBFF354
:104140004F8F62B6FEE770470C000020094A1368E3
:1041500053B94FF0500372B683F31188BFF36F8FDA
:10416000BFF34F8F62B6FEE7013B13600BB983F3D9
:10417000118870470C0000200000000000000000C3
:10418000EFF30980BFF36F8F154B1A681EF0100F05
:1041900008BF20ED108A20E9F04F10602DE90900DA
:1041A0004FF0500072B680F31188BFF34F8FBFF30A
:1041B0006F8F62B6FFF714FA4FF0000080F311889A
:1041C00009BC19680868B0E8F04F1EF0100F08BF6E
:1041D000B0EC108A80F30988BFF36F8F704700BF7F
:1041E000B805002008B54FF0500372B683F311886C
:1041F000BFF36F8FBFF34F8F62B6FFF793F828B10D
:104200004FF0E0234FF08052C3F8042D002383F3D6
:10421000118808BD4FF0E02200234FF47A7113613A
:104220009361044B1B68B3FBF1F3013B536107231C
:1042300013617047000000202C4B37B51A78D2B2BA
:104240000192FF221A701B78294ADBB28DF80330E5
:104250009DF8033003F0500313700723254A1360C1
:104260009DF80310136809060CD4032B13D04FF0EC
:10427000500372B683F31188BFF36F8FBFF34F8F74
:1042800062B6FEE7013B13609DF803305B00DBB2D2
:104290008DF80330E4E74FF440734FF0E02400253D
:1042A0001360019B114ADBB21370D4F8203D43F434
:1042B0007003C4F8203DD4F8203D43F07043C4F8A7
:1042C000203DFFF7A7FF0C4B1D60FFF7C3FED4F89E
:1042D000343F43F04043C4F8343FFFF7A7FEFFF7F5
:1042E0007FF92846FFF7C0FE03B030BD00E400E0D0
:1042F000C0930020BC9300200C000020EFF3058346
:104300000F2B10D9134A9B5C134A12789A420AD990
:104310004FF0500372B683F31188BFF36F8FBFF372
:104320004F8F62B6FEE74FF0E0230C4AD3F80C3D06
:10433000126803F4E06393420AD94FF0500372B657
:1043400083F31188BFF36F8FBFF34F8F62B6FEE721
:10435000704700BFF0E300E0C0930020BC93002052
:1043600010B594B01022002102240AA804F0E6FD42
:104370001422002103A804F0E1FD204B01210420B8
:104380001A6C42F080521A641B6C03F08053019344
:10439000019B1B4B1A6842F440421A601B6803F4ED
:1043A00040430293029B4FF48033CDE908134FF44E
:1043B0008003CDE90E43D823CDE9100308A8CDE949
:1043C0001244FCF7DFFA08B172B6FEE7FDF7F4FA23
:1043D00008B172B6FEE70F234FF4A05205900721F3
:1043E00003A8CDE903344FF48053CDE90623FCF74D
:1043F000B1FC08B172B6FEE714B010BD003802403F
:10440000007000401FB500211022684604F096FDA0
:10441000FCF76EFA012300226846ADF8003048F23E
:104420001F73CDE9012340F201130393FCF77EFAD9
:104430000420FCF76BFAFDF7F7FAFFF791FF00F0A5
:1044400029F800F0ABF800F02BF900F065F900F066
:1044500045F900F0CBF800F0E7F800F003F900F0C0
:1044600079F901F0E9FB08B972B6FEE7FFF708FC3D
:1044700000F084F8FFF71EFCFEE700000268034B23
:104480009A4201D1FDF7DCBA704700BF001000402E
:1044900072B6FEE7244B00211A6B42F0800200B591
:1044A0008DB01A631A6B08A802F080020192019A7B
:1044B0001A6B42F002021A631A6B02F002020292B5
:1044C000029A1A6B42F001021A631A6B02F001029F
:1044D0000392039A1A6B42F004021A631A6B02F0F9
:1044E00004020492049A1A6B42F008021A631A6BCF
:1044F00002F008020592059A1A6B42F010021A6344
:1045000010221B6B03F010030693069B04F016FDAC
:10451000032307A90548079301230993FCF780FFAC
:104520000DB05DF804FB00BF00380240000C0240F3
:1045300038B5FFF7F3FBC728054605D9C822B0FBFD
:10454000F2F302FB13030BB1FFF7A2FFC823B5FB85
:10455000F3F5FFF7CFFB04462C4401F099FF20460A
:10456000FFF732FC0028F7D001F08AFFFFF7C2FB0B
:104570002C182046FFF728FCEEE7000008B5044A97
:1045800000210448FFF7CEFB034B186008BD00BFB5
:10459000B090000831450008C4930020124B07B5C5
:1045A0001A6B05210C2042F400121A6300221B6BC7
:1045B00003F400130193019BFCF75AF90C20FCF75C
:1045C00089F9002205210E20FCF752F90E20FCF794
:1045D00081F9002205211020FCF74AF9102003B0D0
:1045E0005DF804EBFCF776B90038024008B50C48DA
:1045F0004FF4E1330B4AC0E9002300230C22C0E949
:10460000023303614362C0E90523C0E90733FDF7C4
:10461000F9FF18B1BDE80840FFF73ABF08BD00BF79
:1046200018980020004C004008B50C484FF4E133C6
:104630000B4AC0E9002300230C22C0E902330361C6
:104640004362C0E90523C0E90733FDF7DBFF18B17A
:10465000BDE80840FFF71CBF08BD00BF90970020D1
:104660000050004008B50C484FF4E1330B4AC0E954
:10467000002300230C22C0E9023303614362C0E936
:104680000523C0E90733FDF7BDFF18B1BDE80840B9
:10469000FFF7FEBE08BD00BF08970020007C004069
:1046A00008B50C484FF4E1330B4AC0E9002300235E
:1046B0000C22C0E9023303614362C0E90523C0E96B
:1046C0000733FDF79FFF18B1BDE80840FFF7E0BED4
:1046D00008BD00BF809600200010014008B50C48BE
:1046E0004FF416530B4AC0E9002300230C22C0E903
:1046F000023303614362C0E90523C0E90733FDF7D4
:1047000081FF18B1BDE80840FFF7C2BE08BD00BF79
:10471000F89500200044004008B50C484FF4612390
:104720000B4AC0E9002300230C22C0E902330361D5
:104730004362C0E90523C0E90733FDF763FF18B101
:10474000BDE80840FFF7A4BE08BD00BF709500207B
:104750000048004008B50C484FF4E1330B4AC0E96B
:10476000002300230C22C0E9023303614362C0E945
:104770000523C0E90733FDF745FF18B1BDE8084040
:10478000FFF786BE08BD00BFE8940020001401407A
:10479000F0B5B7B005461422002110A804F0CEFBF6
:1047A0008422002115A804F0C9FB2A688F4B9A4285
:1047B00031D14FF4006315A81593FCF7A7FB08B19E
:1047C000FFF766FE8A4BC02100248A485A6C42F0EB
:1047D00020025A645A6C02F020020192019A1A6B6C
:1047E00042F004021A631B6B03F004030293029B62
:1047F0000223CDE91013032310A9CDE912430823A6
:104800001493FCF70DFE472022460621FCF730F8F2
:104810004720FCF75FF82B68774A934235D14FF475
:10482000007315A8159300232993FCF76FFB08B1BB
:10483000FFF72EFE6E4B4FF4406E002410A91A6C49
:104840006C4842F400221A641A6C02F400220392AB
:10485000039A1A6B42F004021A631B6B03F0040301
:104860000493049B0223CDE910E30323CDE9124313
:1048700008231493FCF7D4FD342022460621FBF7CD
:10488000F7FF3420FCF726F8ADE05C4A934246D1AE
:104890004FF4806315A8159300232A93FCF736FB89
:1048A00008B1FFF7F5FD524B0024022703261A6CCE
:1048B000082510A94F4842F480121A641A6C02F4B9
:1048C00080120592059A1A6B42F004021A631A6B61
:1048D00002F004020692069A1A6B42F008021A636A
:1048E0001B6B149503F008030793079B4FF4805349
:1048F000CDE91246CDE91037FCF792FD042310A94B
:104900003F481495CDE91037CDE91246FCF788FDF4
:10491000352022460621FBF7ABFF3520B2E7394AA6
:10492000934231D14FF4005315A8159300232D93D2
:10493000FCF7ECFA08B1FFF7ABFD2D4B002410A9F2
:1049400031481A6C42F000421A641A6C02F00042BC
:104950000892089A1A6B42F010021A6302221B6B2B
:1049600003F010030993099B0323CDE91032CDE92D
:10497000124308231493FCF753FD532022460621CB
:10498000FBF776FF53207DE7204A934242D1402334
:1049900015A8159300232693FCF7B8FA08B1FFF782
:1049A00077FD134B4FF4C064002510A95A6C1848CA
:1049B00042F010025A645A6C02F010020A920A9AEB
:1049C0001A6B42F001021A631B6B03F001030B9395
:1049D0000B9B0223CDE910430323CDE91253072398
:1049E0001493FCF71DFD37B0F0BD00BF001401406B
:1049F0000038024000080240004C004000500040D7
:104A0000000C0240007C00400010024000100140F9
:104A1000000002405E4A93424BD1802315A81593B3
:104A200000232793FCF772FA08B1FFF731FD594BC9
:104A3000002610A958481A6C584C42F400321A64E7
:104A40001A6C02F400320C920C9A1A6B42F00802B3
:104A50001A6360221B6B03F008030D930D9B022366
:104A6000CDE910230323CDE9126307231493FCF748
:104A7000D7FC4FF000634A492046A6616662C4E94C
:104A800000134FF48063C4E904364FF48073C4E923
:104A90000266C4E90736FCF7C3FD08B1FFF7F8FC6E
:104AA0002620002205216C67A563FBF7E1FE262086
:104AB000E8E63C4A934296D14FF4807315A81593CB
:104AC00000232893FCF722FA08B1FFF7E1FC314BF1
:104AD0004FF44060002610A91A6C334C42F4802237
:104AE000324F1A641A6C02F480220E920E9A1A6BDC
:104AF00042F002021A631B6B03F002030F930F9B39
:104B00000223CDE9100303232948CDE912630723CB
:104B10001493FCF785FC4FF000634FF4807C204633
:104B2000A6616662C4E900734FF48063C4E9043689
:104B30004FF40033C4E90266C4E907C3FCF770FD13
:104B400008B1FFF7A5FC1B4A4FF000636C674021DA
:104B5000A563194CC4E9002300234FF4806220466A
:104B6000C4E904234FF40032C4E90213C4E9063354
:104B7000C4E90823FCF754FD08B1FFF789FC27209E
:104B8000002205212C67A563FBF772FE272079E63A
:104B90000044004000380240000C0240889400208D
:104BA00088600240004800402894002028600240AD
:104BB0000004024058600240C8930020FEE7FEE770
:104BC000FEE7FEE7FEE770470148FCF735BE00BF91
:104BD000289400200148FCF72FBE00BFC893002096
:104BE0000148FCF729BE00BF889400200148FDF76A
:104BF000C5B800BFF89500200148FDF7BFB800BF59
:104C0000709500200148FDF7B9B800BF1898002042
:104C10000148FDF7B3B800BF909700200148FBF7AB
:104C2000EDBC00BFA09800200148FDF7A7B800BF69
:104C3000089700200148FDF7A1B800BFE8940020C4
:104C40000D4B82B00F216FF001001A6C42F08052C0
:104C50001A641A6C02F080520092009A5A6C42F464
:104C600080425A6400225B6C03F480430193019BF1
:104C700002B0FBF7FDBD00BF00380240214B1A6CAB
:104C800042F0100270B588B01A641B6C054601A989
:104C900003A803F010030293029BFCF719F9069B8B
:104CA0004BBBFCF7F5F8184E184B336040F2E73376
:104CB000F360174BB0FBF3F3013B30467360002306
:104CC0003361B360B361FBF78DFD044680B93046B4
:104CD000FBF752FC044658B93620FBF7FBFD0F2DBD
:104CE0000DD8224629463620FBF7C2FD094B1D6030
:104CF000204608B070BDFCF7CBF84000D3E7012494
:104D0000F6E700BF00380240A098002000100040E5
:104D100040420F0008000020DFF834D0FBF720FCF1
:104D20000C480D490D4A002302E0D458C450043306
:104D3000C4188C42F9D30A4A0A4C002301E01360DC
:104D40000432A242FBD304F019F9FFF75BFB704772
:104D50000000052000000020A0000020BC940008F6
:104D6000A000002088A10020FEE70000134AD2F82E
:104D7000FC3043F08073C2F8FC30114B114AC3F889
:104D8000B02FBFF34F8FBFF36F8F00225A601A68A6
:104D900042F001021A60BFF34F8FBFF36F8F586864
:104DA00000BF00BF00BF00BF00BF00BF00BF00BF0B
:104DB0005B68C01A18BF0120704700BF00ED00E01B
:104DC000001000E055CEACC5214A224B10B5224C54
:104DD000944233D09C4231D0A2EB030CDCF10000B2
:104DE00040EB0C00196F09B1C96909B140F020000E
:104DF0001A494969C903516848BF40F04000B1F5FC
:104E0000165F596818BF40F00400B1F5612F516F6B
:104E100018BF40F0020099B940F0080010499142D3
:104E200003D0994201D0A14201D140F001004B686A
:104E3000B3F5E13F18BF40F0800010BD0120D1E77D
:104E4000C969B1F5807F18BF40F01000E6E700BFE8
:104E5000F8950020709500209097002000ED00E06C
:104E60001898002010B52DED068BF0EE408A302208
:104E70000021B0EE60AAB0EE419A0446B0EE618A1D
:104E800004F05CF8B0EEE87ADFED387AB4EE677AD9
:104E9000F1EE10FA67D8B0EECA7AB4EE677AF1EEA6
:104EA00010FA60D8B0EEC97AB4EE677AF1EE10FA73
:104EB00059D8B0EEC87AB4EE677AF1EE10FA52D84B
:104EC000F5EEC08AF1EE10FA4DD9B5EEC0AAF1EEBA
:104ED00010FA48D9B5EEC09AF1EE10FA43D9B5EE02
:104EE000C08AF1EE10FA3ED9B7EE007ADFED209AD3
:104EF000B1EE000AC4ED008A84ED078AC7EE097A94
:104F0000C7EE086A28EE800A77EEA67A67EEA97ADD
:104F100080EE270A03F0F8F8C0FE4A0A0120C4ED2B
:104F2000010A207660EEA99A39EE099A38EE088ACD
:104F3000C9EE897A89EE887AC4ED027A84ED047A22
:104F400077EE877AB6EE007A27EE607AE7EE878A08
:104F50009FED087AC8EEA07AC7FE877AC4ED037A7F
:104F6000BDEC068B10BD0020FAE700BFFFFF7F7F7E
:104F7000DB0F49400000000038B5037E04462DEDEC
:104F80000A8BB0EE408A9FED7AAAB0EE419AF0EE1D
:104F9000618AF0EE42AADBB3B0EEC07ADFED757A3B
:104FA000B4EE677AF1EE10FA32D8B4EECA0AF1EE36
:104FB00010FA2DD9B0EEE07AB4EE677AF1EE10FA7D
:104FC00026D8B0EEC17AB4EE677AF1EE10FA1FD8A7
:104FD000B0EEE17AB4EE677AF1EE10FA18D8B0EEDE
:104FE000C27AB4EE677AF1EE10FA11D8B4EECA2A9A
:104FF000F1EE10FA0CD490ED00BAF6EE00BA3BEEEA
:1050000060BAB4EEEBBAF1EE10FA06D800230376DC
:105010009FED570ABDEC0A8B38BDD0ED057AD0ED77
:10502000019A70EE277A90ED020AF4EEC07AC0ED94
:10503000057AF1EE10FA40F190809FED4F7A67EE1D
:10504000877A87EE800A03F07DF8B7EE007A69EE82
:10505000AB7A37EE407A67EE877A94F8283094ED91
:10506000076A63BBC9FE281AC1FE8A1AF5EEC01A88
:10507000F1EE10FA74DD9FED407AF1EE006A88FEE1
:105080002A8A28EE218A21EE877A26EE266A27EEE2
:10509000217AC7EE066A36EE887AB4EECB7AF1EE64
:1050A00010FA5DDB3BEE488A0123C4ED091A84F84F
:1050B000283088FE2B8AC4ED0B1A84ED088AD4EDC3
:1050C000087AB7EE008A1425DFED298ACBEE27AAED
:1050D000DFED29CAB0EE48CA78EE6AAACAFEC8AAAD
:1050E000CAFE8AAA38EE88BA2BEE2BBA2BEE2C0A0F
:1050F00003F06CF8C0EE2C7A77EE8B7AF4EEEA7A55
:10510000F1EE10FA58BFB0EE4B8A48BFF0EE4B8A72
:10511000013DE7D138EE880A89FE0AAA20EE2C0A62
:1051200020EE2B0A03F00EF8D4ED097A30EE0C0ACB
:1051300067EEAB7AB1EE047A67EE807A94ED0B0AF3
:1051400089FEC77A8AFE07AAC7FE877AC7FECA7A8F
:1051500080FE670A84ED0B0A5CE7F0EE697A7CE773
:10516000B1EE040A89FEC00A80FE270A52E700BF9A
:1051700000000000FFFF7F7FDB0F494083680133A1
:105180008360437BFF2B1CBF0133437300230373F6
:105190007047000038B52DED068BB0EEC0AADFEDEC
:1051A000379AF0EE408A0546B0EE608AB4EE69AAFE
:1051B000B0EE419AF1EE10FA26D8F0EEE07AF4EE75
:1051C000697AF1EE10FA1FD89FED2D7AF4EEC77AC6
:1051D000F1EE10FA94BF01240024AB7BB3B9B4EE16
:1051E00069AA2046F1EE10FA9EBF0123C5ED008AA0
:1051F000AB73002C3AD16B6801336B604FF4407392
:10520000AB81BDEC068B38BD0024E6E795ED000AC6
:10521000DFED1C0A38EEC00A02F058FF002CDED089
:105220009FED197AB4EEC79AF1EE10FA1CDB9FEDF0
:10523000177AB4EEC79AF1EE10FA15D828EE098A5B
:10524000F5EE006AB2EE007AB0EEC86A70EE487A07
:10525000A6EE267AF0EEE77AF4EEC77AF1EE10FACF
:1052600094BF01240024BAE70024B8E700236B733D
:105270002B7B042B9CBF01332B73C2E7FFFF7F7F87
:10528000000034440000B4438FC2753CEC51383EFA
:10529000427B0346022A07D8807B30B11B7B052B5B
:1052A00034BF01200220704700207047B0EEC07A62
:1052B000DFED127AB4EE677ADFED117AB6EE007A9E
:1052C000F1EE10FA48BFB0EE670AD0ED007AE0EEDA
:1052D000017AC7FEC77ABEEE007AC7FE877AC0EDB4
:1052E000007A67EE827AE0EE217AE2EEE07AC7FE9B
:1052F000C37AB1EE433A83FE270A7047FAEDEB39E1
:1053000000000000B5EEC00A00B5F1EE10FA2DED78
:10531000048BF0EE419A87B0B0EE618AF0EE428ADB
:10532000B0EE629A1CD9F5EEC00AF1EE10FA17D968
:1053300003A902F013FEDDED047AF5EE407AF1EEFA
:1053400010FA29FE888A27EE880ADDED037A20EE1E
:10535000090AA7EEA80A07B0BDEC048B5DF804FBB0
:105360009FED010AF7E700BF00000000B5EEC00A9C
:1053700010B5F1EE10FA0C462DED088BF0EE419AC7
:105380008AB0F0EE61AAF0EE428AB0EE62AAB0EE08
:1053900043BAB0EE639A40D9F5EEC00AF1EE10FAC6
:1053A0003BD9F5EEC03AF1EE10FA36D9DFED1E7AB0
:1053B000F4EEE73AF1EE10FA2FDC02F0CFFD94EDB7
:1053C000018AB0EE690AB5EE408AF1EE10FA6AFE83
:1053D000A88A02F0B7FE28EE288AD4ED00AAF0EEE3
:1053E000408AB0EE690A02F0F1FE28EE0B1AB0EE28
:1053F000407A68EE407A68EE880AAAEE8A1AE8EEE9
:10540000AA7AEAEE870A21EE091A27EE890A60EEE7
:10541000890A0AB0BDEC088B10BD9FED040AF0EEBE
:10542000400AB0EE401AF4E7CDCC4C3D000000003D
:10543000064B93F870202AB1596C054A1160996C9B
:10544000044A1160002283F870207047F49800200D
:10545000F0980020EC98002010B5102200240021C4
:10546000114803F06BFD114B7822214610481C6057
:1054700003F064FD4FF4807221460E4803F05EFD98
:105480000D4B0E481C800E4B1C600E4B1C60436F76
:1054900043B14FF480720749FDF7AAF9B0FA80F0E2
:1054A000400910BD1846FCE7849A0020809A00202D
:1054B000F4980020809900206C990020F895002035
:1054C000F0980020EC980020BE4B2DE9F0475D6F6E
:1054D0002DED028B84B045B12B685D68C5F58075F4
:1054E000ADB2B5F5807F28BF0025B74CB74FB84E99
:1054F000A4F85A503B88AB4206D8EA1A92B2012A65
:1055000040F20681194609E0C3F580722A4492B23E
:10551000012A40F2FD80FF2BF4D9D9B2715C5529E4
:1055200009D001339BB2FF2B88BFDBB23B80236DD8
:1055300001332365DEE70A2A40F2EA8001AA03F17B
:105540000B00944680B21146FF2B8CBF5FFA83FE9E
:105550009E46013316F80EE09BB20CF801EB984220
:10556000F2D10023184612F801CB013063440A2817
:10557000DBB2F8D19DF80E209A420DD0E36C95482D
:105580000133E364FFF7FAFD3B8801339BB2FF2B45
:1055900088BFDBB23B80ADE78F4B07C9D3F80480EF
:1055A0008E4B03C323F8022B120C1A709DF80530A2
:1055B000522B84F8673032D0532B59D0512B40F006
:1055C000A380BDF908309FED866A07EE103ABDF959
:1055D0000A30C4F82C8007EE903ABDF90630B8EED8
:1055E000C77A06EE903AF8EEE77A0123F8EEE66A1B
:1055F00084F8383027EE067A236C67EE867A66EEFA
:10560000866A013384ED017AC4ED027AC4ED006A42
:105610002364E36B0133E3633B880B33B6E7BDF9E7
:1056200008309FED706A07EE103ABDF90A30C4F8F1
:10563000308007EE903ABDF90630B8EEC77A06EE34
:10564000903AF8EEE77A0123F8EEE66A84F839300A
:1056500027EE067A636C67EE867A66EE866A013319
:1056600084ED047AC4ED057AC4ED036A6364D0E77F
:10567000BDF90A305C4A08EE103AA36ADFED5B8A96
:105680000133B8EEC88AD4ED050AA362136828EE88
:10569000288A5048A8EB0303BDF806A0B0EE480ADC
:1056A000BDF8089007EE903A514B84ED098A93EDCE
:1056B000001AF8EE677AC2F80080B8EE411A87EE59
:1056C000811AFFF767FD0028A3D00FFA8AF384ED53
:1056D000088AC4F8348007EE903A0FFA89F3F8EE9E
:1056E000E77A67EEA87AC4ED067A07EE903A0123CE
:1056F000F8EEE77A84F83A30A36C67EEA87A0133C3
:10570000C4ED077AA36484E7636D0133636580E7C2
:1057100094F87160A4F858302F4B84F87060586882
:1057200094F83930CBB9FFF783FE2A4D94F87030E6
:10573000284684F87130FFF7ABFD6B68C0B2636731
:1057400094F8703084F87200834288BF84F8700047
:1057500004B0BDEC028BBDE8F08794F83A30002B22
:10576000E1D0234B4FF47A78656BD3F80090236B2C
:10577000451B4A46C01A0023A0FB0801FAF748FD62
:105780004A46A06607460023A5FB0801FAF740FD3C
:10579000E0664EB9174B626C1B689A42C5D9164B2E
:1057A000A26C1B689A42C0D9502F05D8502805D842
:1057B000022384F87030B8E7B42FB4D8B428B2D834
:1057C0000123F6E7F8950020F49800206C9900205A
:1057D00080990020849A0020001000E05099002059
:1057E0000000003A00007A3D809A00200000B43B9F
:1057F00000000020F0980020EC980020004870473E
:10580000F498002030B5002A94B240F6B8354371C0
:105810002246B8BF64424FF001030170B8BFA4B282
:10582000F621D20B8371AC424FF06B03417028BF5D
:105830002C468270C37104EB84046500C4F3C71462
:105840000571C47030BD00230370FF2343706623CD
:1058500083706B23C37070472DE9F84305469DF8AC
:105860002080002840D0002A3ED0EBB324293BD929
:10587000561E9C1ED71C41F27079A446304610F883
:1058800001EF0EF1FF33DBB2F62B2DD83CF8021FEF
:1058900001F6B83189B2494526D8134683421FD153
:1058A000BB42ECD1AA234FF00009281D6B702523C1
:1058B00085F8009085F80290EB7016F8011F4346BA
:1058C00034F9022FFFF79EFFBE4280F8069000F1E8
:1058D0000800F2D16B23252085F82430BDE8F88339
:1058E00013F8011B8E45D9D10020F7E7054B84B092
:1058F000D3ED010AD3ED027A93ED000A70EEA70A08
:1059000004B070471000002080FEC00AF1EE600A6B
:1059100080FE800A704700002A4A1368C31A07EE07
:10592000903A294B93ED007AF8EE677AB8EE477A11
:1059300010B5C7EE873ADFED257A86B01060F4EE39
:10594000E73AF1EE10FA3ADCDFED217AF4EE673A4D
:10595000F1EE10FA33D81F4AFFF7C8FF1E4C1F4B59
:1059600092ED003A04F114011D4A04F1200093ED78
:105970000C2AD3ED0B1AD2ED002A94ED021AFFF790
:10598000F5FC184B8DED030A1B7ECDED040A33B1F7
:10599000154BD3ED007A31EE271A83ED001AD4EDC2
:1059A000007A9DED037A77EE877A9DED047AC4ED57
:1059B000007AD4ED017A77EE877AC4ED017A06B0E9
:1059C00010BD00BF809B002000000020CDCC4C3DCE
:1059D000FFFF7F7F149C00208C9C00201000002083
:1059E000189C0020389C0020009C0020774B70B54C
:1059F00093F83D20012A00F2E780D3ED005ADFED55
:105A0000747AB0EEE57AB4EE677AF1EE10FA00F24D
:105A1000DB8093ED016AB0EEC67AB4EE677AF1EE00
:105A200010FA00F2D180D3ED026AB0EEE67AB4EE5D
:105A3000677AF1EE10FA00F2C78093ED037AB0EEC8
:105A4000C75AB4EE675AF1EE10FA00F2BD80F5EED7
:105A5000C05AF1EE10FA40F2B780B5EEC06AF1EE2E
:105A600010FA40F2B180F5EEC06AF1EE10FA40F2A1
:105A7000AB80F7EE006AB4EEE67AF1EE10FA00F1D0
:105A8000A380DFED546AB4EEE67AF1EE10FA00F38B
:105A90009B80D3ED045AB0EEE57AB4EE677AF1EE6E
:105AA00010FA00F2918093ED056AB0EEC67AB4EE7A
:105AB000677AF1EE10FA00F28780D3ED066AB0EE55
:105AC000E67AB4EE677AF1EE10FA7DD893ED077AB4
:105AD000B0EEC75AB4EE675AF1EE10FA74D8F5EE8C
:105AE000C05AF1EE10FA6FD4B5EEC06AF1EE10FABA
:105AF0006AD4F5EEC06AF1EE10FA65D4B5EEC07A5C
:105B0000F1EE10FA60D9D3ED085AB0EEE57AB4EEB2
:105B1000677AF1EE10FA57D893ED096AB0EEC67ABB
:105B2000B4EE677AF1EE10FA4ED8D3ED0B6AB0EE10
:105B3000E67AB4EE677AF1EE10FA45D893ED0C7A76
:105B4000B0EEC75AB4EE675AF1EE10FA3CD8F5EE53
:105B5000C05AF1EE10FA37D9B5EEC06AF1EE10FA7C
:105B600032D9F5EEC06AF1EE10FA2DD9B5EEC07A51
:105B7000F1EE10FA28D993ED0A7AB0EEC77AB4EEB6
:105B8000677AF1EE10FA1FD803F1330100240A46B8
:105B900012F8015F6B1EDBB2F62B15D892F90430B8
:105BA000012B01D001330FD108460023A34205D1B8
:105BB000032B03F10104EBD1012070BD10F8016F3C
:105BC000AE4201D00133F1E70020F6E710000020DB
:105BD000FFFF7F7F00007A44054B834206D1054BCF
:105BE0005A68054B1A600122044B1A70704700BFB7
:105BF00070950020001000E0849B00208F9B002007
:105C000010B5044601F00AFF204601F00DFB034BDE
:105C10009C4202D1024B01221A7010BD70950020E7
:105C20008D9B002010B5044601F0C8FE2046BDE85B
:105C3000104001F0C9BA000010B5FFF797F810B98D
:105C40000024204610BDFFF7BFF80028F8D1FFF769
:105C500003FC0028F4D00A4B0A4A5B6813600A4A26
:105C600013600A4A136001F093FA04460028E7D053
:105C700001F040FDFBF7F0FE054B1860E1E700BFC7
:105C8000001000E0D49B0020C89B0020809B0020D7
:105C9000D89B002038B5134B93F83C3013B900253E
:105CA000284638BDFFF7A2FE0028F8D00E4C94F825
:105CB0007930002BF3D00D4B1D7B002DEFD0236FDF
:105CC000002BECD1FFF79AFD90F87030022BE6D153
:105CD0000123A26884F87830054B1A600022054B36
:105CE0001A60DDE7100000208C9C0020289C00201A
:105CF000109C00200C9C0020F8B501F033FE00241D
:105D0000104B0126104A10271C7021460F4B104DD6
:105D10001C70104B05F1340085F878401E700E4B56
:105D20001C76002313600D4A13603A4603F006F90F
:105D30003A46214605F1440003F000F9084B1E7075
:105D4000F8BD00BFED9B0020F09B0020EE9B0020E3
:105D50008C9C0020EC9B0020389C00200C9C002098
:105D60008C9B00202DE9F04F6F4E87B0327802F007
:105D7000FF034AB16D4A136F43F00403136707B082
:105D8000BDE8F04FFFF7B8BF694A6A4D1178B9B165
:105D90001370694A2B70694B1168694F1960694B20
:105DA0001B7813B13B78042B26D1674C1068FFF7A2
:105DB000B3FD04F134030FCB84E80F0000233B70E4
:105DC0002B78DBB1614B5D4A5B6812689B1A07EE6A
:105DD000903A5F4B93ED007AF8EE677AB8EE477A27
:105DE000C7EE876ADFED5B7AF4EEE76AF1EE10FA50
:105DF000C0DC07B0BDE8F08F0133E0E7504F3B78DF
:105E0000002B32D0514B4D4A5B6812689B1A07EE4B
:105E1000903A4F4B93ED007AF8EE677AB8EE477AF6
:105E2000C7EE876ADFED4C7AF4EEE76AF1EE10FA1E
:105E3000DFD4012349492B70444B5A683F4B1A6009
:105E4000404B1B78002B66D1454B1A884548FBF721
:105E5000A5FE0028CDD00023344A2B70136F43F0E9
:105E6000040313670123337089E7DFF8109199F871
:105E70000020002ABDD03C490DF110083B4C4046A3
:105E80008A46F1EC017A013314F9012FFDEEE77A2D
:105E9000042B17EE90CA12FB0CF220F8022BF0D163
:105EA000334A284992F83D300B708BB90093343255
:105EB000434625212948FFF7CFFC294B186008BB32
:105EC0001A4A136F43F004031367FFF715FF90E7B7
:105ED000012BF5D102F1330420484FF0000B0BF1F8
:105EE000010B002338F9022B14F8011F0390FFF770
:105EF00089FC0398BBF1040F00F10800EFD11D48A5
:105F0000FFF7A1FC1C4C9AE80F0084E80F00002367
:105F100089F800308DE73B78042B1A4601EBC3016A
:105F200014BF0822042291E78D9B00208C9C002046
:105F30008F9B00208E9B0020849B0020889B00204C
:105F4000999A0020989A0020AC9C0020001000E054
:105F500000000020CDCC4C3DA69B443BA09B0020E4
:105F6000949A002070950020D09C002047000020CB
:105F700010000020C09B0020E09C00208C9B002093
:105F80000023094A01211376084A1370084A137046
:105F90000023084A1360084A1170084A9168084AA9
:105FA0001160084A13607047389C0020ED9B002068
:105FB000EE9B0020F09B0020EC9B00208C9C00209E
:105FC000109C00200C9C00200A4B1B7E83B90A4BBE
:105FD0001B786BB9094B1B7853B9094BD3ED007A89
:105FE000F5EEC07AF1EE10FACCBF01200020704728
:105FF00001207047389C0020EE9B0020ED9B002084
:10600000F09B002038B5264D95F878302DED068BA5
:10601000B0EE409AF0EE608AF0EE419AB0EE61AADE
:10602000F0EE42AA1BB90020BDEC068B38BDFFF78D
:10603000CBFF04460028F6D1F0EEC07A9FED197A26
:10604000F4EE477AF1EE10FAEDD8F0EEE07AF4EEE5
:10605000477AF1EE10FAE6D802F012F8F0EE6A1A7A
:10606000B0EE4A1A1048F0EE690AB0EE408AFEF728
:10607000F9FE0028D7D0C9EE087A00230B4A136036
:106080000B4A14700B4A13600B4BAA68C3ED007ADD
:10609000C8EE887A094BC3ED007A094B1A60C3E752
:1060A0008C9C0020FFFF7F7F389C0020F09B00200D
:1060B000EC9B0020009C0020189C0020149C0020D9
:1060C000109C00207D4A1368C31A07EE903A7C4B5F
:1060D00093ED007AF8EE677AB8EE477A30B5C7EEFE
:1060E000876ADFED787A2DED068BB0EE40AAA5B079
:1060F000F0EE609AB0EE418AB0EE619AF0EE428A1C
:10610000F4EEE76AF1EE10FA00F1D3806E4BDB6F2C
:10611000202B40F0CE806D4C1060FFF76FFBD4ED6C
:10612000026A0546DFED6A7A636986EEA77AD4EDE6
:106130000C6A0493A3698DED038A0593E3699FEDCF
:10614000658A0693236A8DED01AA0993636ACDEDF2
:10615000029A0A93A36A0B93E36A8DED077A86EE9F
:10616000A77A0C9390F8703007EE903A2369F8EE16
:10617000677A0E9394F87830CDED0D7AF7EE007AC9
:10618000002B554B48FE277ACDED0F7AD4ED1C7AC3
:10619000F8EE677A8DED087ACDED107AD3ED007ABE
:1061A0004E4BF8EEE77ACDED117AD3ED007AF8EEAA
:1061B000677ACDED127AFFF707FF10B901F0CCFA3C
:1061C00008B1B7EE008A94F87930B7EE007ADFEDC7
:1061D000417A01A9002B6B6A4FF08C028DED138A76
:1061E000159347FE877A6B69CDED147A1693E368B1
:1061F0008DED1A9A1793AB6ACDED1B8A23F07F437E
:1062000007EE903A6B6CF8EEE77A23F07F43CDED22
:10621000187A07EE903A324BF8EEE77ACDED197A1C
:10622000D3ED007AF8EE677ACDED1C7AD3ED017AE2
:10623000F8EE677ACDED1D7AD3ED047AF8EE677A41
:10624000CDED1E7AD3ED077AF8EE677ACDED1F7AA1
:10625000D3ED0A7AF8EE677ACDED207AD3ED0B7A9A
:10626000F8EE677ACDED217AD3ED0C7AF8EE677A05
:10627000CDED227AD3ED027A1A4BF8EE677A184602
:10628000CDED237A02F0A6FE0022014680F88C2094
:1062900080F88D20802280F88E207F2280F88F2049
:1062A0009022094825B0BDEC068BBDE83040FBF7D5
:1062B00045BC25B0BDEC068B30BD00BFC89B00209F
:1062C00000000020CDCC4C3D909700208C9C0020FD
:1062D00035FA8E3C00000000A49A0020A09A00200D
:1062E000049F0020F09A002038B5FFF76DFE40BBF8
:1062F000154B0422154C1978154BF3EC017AF5EE89
:10630000407AF1EE10FA1BD1D3ED047AF5EE407A23
:10631000F1EE10FA14D1257805B931B1D3ED0C7A2C
:10632000F5EE407AF1EE10FA0AD1013AE5D1FBF729
:1063300093FB084B1B68C01A4F2894BF0020012014
:1063400038BD0020FCE700BF999A00208E9B0020FA
:10635000AC9C0020D89B002008B5164B93F8782001
:1063600022B3FFF731FE18BBF0EEC07A9FED127A30
:10637000F4EE477AF1EE10FA19D89FED107AF4EEA8
:10638000C77AF1EE10FA12DC0D4B01219FED0D7A68
:10639000D3ED007A0C4BE0EE077AC3ED007A0B4B9D
:1063A000197000210A4B18700A4B1960104608BD7D
:1063B0000020FCE78C9C0020FFFF7F7F0000B4439F
:1063C0001C9C002035FA8E3CE89B0020EE9B0020B0
:1063D000EC9B00200C9C00201D4991F8783083B381
:1063E0001C4A127E7ABB1C48007870BBB0EEC07AA3
:1063F000DFED1A7AB4EE677AF1EE10FA26D8B0EE35
:10640000E07AB4EE677AF1EE10FA1FD8B0EEC17AF6
:10641000B4EE677AF1EE10FA18D8114A107810B974
:10642000886810490860104981ED000A0F49C1EDE4
:10643000000A0F4981ED001A0121117000210D4A57
:10644000117018467047002070471046704700BF13
:106450008C9C0020389C0020EE9B0020FFFF7F7F5B
:10646000ED9B0020109C0020E49B0020E09B00207E
:10647000DC9B0020EC9B0020004870478C9C002097
:10648000024A536E01335366704700BF8C9C002054
:106490002DE9F04FB64BB74C5F682368DFF80CA3CB
:1064A000FB1A9AED007A07EE903AB8EE477AF8EECA
:1064B000677A2DED088BC7EE879AD5B0FFF752FCAF
:1064C0002760AD4C636F01336367C4ED049AFEF738
:1064D000FBFFFFF793F9DFEDA97A0646F4EEE79AA2
:1064E000F1EE10FA07DD236FDFEDA59A43F001030B
:1064F0002367FFF701FC94F8783043B1FFF776FA91
:1065000028B9236F43F008032367FFF7F5FB96F8DC
:10651000703043B994F878301BB1236F43F0020315
:106520002367FFF7E9FB94F8795096F87020DFF8BD
:10653000809245B9022A934B38D000211960924BC2
:106540001960924B1D60DFF8488296ED088A98F832
:106550000CB0B56C42B1F0EEC87A9FED987AF4EECB
:10656000477AF1EE10FA64D910220021884802F02F
:10657000E5FC98ED008A98F80C20864D84ED028A9F
:1065800042B1F0EEC87A9FED8D7AF4EE477AF1EEE3
:1065900010FA7FD90023C5E90033AB60002A00F070
:1065A0009380BBF1000F40F0A3809BE0706CD9F8A2
:1065B0000010884215D096ED057AF0EE087A724800
:1065C000F0EEC76A7149F4EEE76AF1EE10FA28D5E9
:1065D000D0ED007A77EE877AC0ED007A0868013056
:1065E0000860D3ED007AB0EE007A79EEA77AF4EE87
:1065F000C77AC3ED007AF1EE10FAA4DB634B1B6897
:10660000132BA0D907EE903A5F4BF8EE677AD3EDE3
:10661000006A012386EEA77A84F8793084ED037A44
:1066200091E74FF0000C0D60C0F800C0C3F800C047
:10663000D7E7BBF1000F0ED1022A9AD1102259469A
:10664000404602F07BFC012388ED018AC8F808501F
:1066500088F80C308DE7D8F808309D4289D098ED45
:10666000010ADFED4D0A38EE400AD8ED008A01F04C
:106670002DFDDFED4A7ADFED4A0AE0EE278AB0EE23
:10668000680A01F023FD88ED018A88ED000AC8F848
:1066900008506EE72B7A33B9012385ED008A85ED2A
:1066A000018A2B727DE795ED010ADFED3D0A38EE98
:1066B000400A01F00BFDD5ED007A85ED018A77EEF9
:1066C000807AC5ED007A6CE794F878301BB1236FBF
:1066D00043F002032367FFF70FFB98F80C30002B01
:1066E0007FF45FAFA2682F4B1A6000222E4B1A6016
:1066F000736CDFF8C080C9F8003098F800301BB91F
:106700001B4B5868FFF708F9DFF8ACB0DBF8003036
:10671000DBF81C2000939A4200F0C980DBF804905B
:10672000B9F1010F04D1FFF7E7FA48460138B9E0A3
:10673000B9F1020F07D101F00FF8002840F07A827A
:10674000FFF7A8FAF2E7B9F1030F39D101F004F825
:10675000002840F06F829BED020ADBED030A9BEDFF
:10676000041ADBED051A9BED062AFFF74BFCDDE76B
:10677000001000E0D49B00208C9C0020CDCC4C3D30
:1067800000000000049C0020089C0020CC9B0020FE
:10679000289C00201C9C00200000B44335FA8E3C4D
:1067A000DB0FC940109C00200C9C00200000002042
:1067B000D09B00208E9B0020689C0020FFFF7F7FE5
:1067C000B9F1040F40F0368200F0C6FF002840F017
:1067D000318294F87820002A00F02C829BED027A16
:1067E0005FED0A7AB0EEC77AB4EE677AF1EE10FA8E
:1067F00000F220829BED037AB0EEC77AB4EE677A9E
:10680000F1EE10FA00F216829BED047AB0EEC77A30
:10681000B4EE677AF1EE10FA00F20C829BED057A85
:10682000B0EEC77AB4EE677AF1EE10FA00F20282A7
:10683000DBED057AF5EEC07AF1EE10FA40F3FA815D
:10684000F0EE007A9BED057AB4EEE77AF1EE10FAFD
:1068500000F2F081D44A4FF000099BED020ADFED0F
:10686000D30A4846FFF750F882ED000AD04A9BED64
:10687000030ADFEDCE0AFFF747F882ED000ACD4AA2
:106880009BED040ADFEDCC0AFFF73EF8DBF81410AD
:1068900082ED000AC94A1160C94A82F81890C94AB3
:1068A00082F80090009BCBF82000CBF81C304FF40E
:1068B000807114A800F0C4FC031EDFF864930093F9
:1068C00080F2BA81FFF718FA48220021484602F008
:1068D00035FB01236FF0040289F84430BA4B1A608B
:1068E000BA4A1368013323F07F431360DFF834930F
:1068F00001F0A2F8DFF830B3FEF7F8FFDFF82CA3C1
:10690000D9ED0C1ADBED002A9AED002A99ED0B1A4D
:10691000AF488DED020ACDED030AFEF7F3FC98F8BF
:106920000020F0EE401A84ED1A0A02F0FF0312B9BB
:10693000A84A12789AB1FEF7D9FFA748D9ED0C1AE8
:10694000DBED002A9AED002A99ED0B1A8DED040A71
:10695000CDED050AFEF7D6FCF0EE401A012399F8BA
:106960003D20C4ED1B1A012A00F00C82002B00F020
:106970000C829A4B9FED9A2A1B78DFED9A7A012BB5
:1069800002FE272A94F878309FED97BA002B00F08A
:10699000FF81964BB0EE690A94ED1A1AD3ED000A06
:1069A0008748FEF7E9FAB0EE40AA914BD4ED027A9F
:1069B00093ED000A9AED009A30EE670ADBED00AA2B
:1069C00001F096FA94F878202AEE099A84ED0C0AE0
:1069D0002AEE8A8A002A00F0E181D6ED050AB0EE9F
:1069E000691AD4ED037ADFED83BA70EEE70A8248C4
:1069F00099ED073AD9ED062A60EEAB0A99ED052A22
:106A0000D9ED041AFEF752FC94F87820F0EE408A93
:106A1000002A64D0694AD2ED007AF5EEC07AF1EE30
:106A200010FA16DD604977EEE97A714B91ED009A24
:106A30005F49C7FE8B7A704891ED008A5D49F0EEA0
:106A400048AAC2ED007AD1ED008AA26880ED00BAB2
:106A50001A606A4B1B78002B41D0694BD5ED007A48
:106A600093ED007AD9ED006A37EE677A99ED016A05
:106A700099ED025AD9ED074AF0EEC77AF4EEEB7AB7
:106A8000F1EE10FA0FD5D4ED035AD6ED057A77EE74
:106A9000E57AF0EE085AF0EEE77AF4EEE57AF1EEF8
:106AA00010FA00F17881DFED577ADFED575A66EE84
:106AB000A76A9FED560A9FED4C8A27EE000AC6EEA4
:106AC000A57AB0EE489A67EEA56A76EE057AC6EE2C
:106AD000A70AC4FEE00AFEF717FFF0EE408A94F81A
:106AE0007830DBB14A4A1278C2B14A4A92ED009A34
:106AF000494A92ED008A494AD2ED007AF5EE407A91
:106B0000F1EE10FA00F04D81A168F0EE48AA384A83
:106B1000F0EE678A11600021374A1160294A127825
:106B2000002A40F04181002B00F03E81B5EE408A02
:106B300099ED087AD9ED097AD9ED0A9AF1EE10FAB1
:106B4000B5EEC09A67FE277A28EE278AF1EE10FA92
:106B500040F33181F5EE40AAF1EE10FA40F02B81BE
:106B600069EE899AF5EE409AF1EE10FA00F028816C
:106B700078EE29AAFEF73AFF002840F02481FFF7BB
:106B8000BBF8FFF7EFF89FED182A3846F0EE421AEF
:106B9000B0EE421AF0EE420AB0EE420A55B0BDEC39
:106BA000088BBDE8F04F43E0FC9B00200000C8428A
:106BB000F89B0020F49B00209A99993EF09B0020BE
:106BC000389C0020EC9B0020A49A0020A09A002072
:106BD000AC9C0020999A0020E09C0020989A00200C
:106BE0008FC2753DDCFE303C00000000009C0020A0
:106BF000109C002035FA8E3C0C9C0020EE9B00205F
:106C0000E89B0020DB0FC940000070426666E63F4B
:106C1000ED9B0020E49B0020E09B0020DC9B0020FB
:106C2000A89A002010000020149C0020189C00202E
:106C3000FFF748BA002079E5D9F84030B3B1B54B39
:106C40009AED007A1B68B8EE477AFB1A07EE903A85
:106C5000F8EE677AC7EE876AF6EE007AF4EEE76A36
:106C6000F1EE10FAC4BF012389F84430009B0BB148
:106C7000A84B1F600DF1500B4FF00009DFF8D0A2B8
:106C800017E0012038E0FFF737F800F021FB482239
:106C90000021A14802F052F928E694F8783033B97F
:106CA000FEF7F8FF18B96FF00103CAF8003009F1D8
:106CB0000109009B4B453FF419AE10AA1BF8011BBC
:106CC000954800F047F90028F1D0944ACAF800002E
:106CD000136803F1010323F07F431360E7DB94F8AB
:106CE00078300193FFF770F90028CAD19DF8403041
:106CF000072B01D000F030FD00F00102019910A82F
:106D000000F028FA0128CAF80000D0D19DF84030E0
:106D10005A1E072A2BD801A151F822F09B6C0008BB
:106D2000556D00086F6D0008876C00084F6D0008F6
:106D30003D6D0008436D0008496D000800F06AFDD4
:106D4000B0E700F099FDADE700F009FEAAE700F01A
:106D500003FEA7E79DED110ADFED710A9FED712A91
:106D60009FED711AF0EE421AFFF74CF99AE7032BE8
:106D700015BF9FED6B0ADDED110AF0EE400A9FEDA5
:106D8000680AEBE79FED692AFCE59FED692AF9E5C2
:106D9000B0EE4BAA09E6FFF7F3F884E6DFED608A70
:106DA0009DE6F0EE48AAB9E6DFED5D8AB0EE688AAE
:106DB000B0EE689ABAE6F0EE48AADFED599AD9E645
:106DC000F0EE48AAD6E6FEF791FDF0EE6A1AB0EEB4
:106DD000491A0CA89FED522A8DED060ACDED070A3F
:106DE00001F08CF8534B93F82820002A5CD1DFED9A
:106DF0004C1AFEF77BFDB0EE682A10A8B0EE611ABF
:106E00008DED0A0ACDED0B0A01F078F814AA99ED80
:106E1000030A10A90CA801F0E9F8042414AB464AAF
:106E2000F3EC017A013CE2EC017AF8FE677AC2EDFC
:106E3000037AF5D1414B0122414D424E1A70FEF7C3
:106E400091FFF5EC017AF5EE407AF1EE10FA13D1EC
:106E5000D5ED047AF5EE407AF1EE10FA0CD198F8FF
:106E6000003013B9384B1B784BB1D5ED0C7AF5EEE9
:106E7000407AF1EE10FA02D0FAF7EEFD30600134FC
:106E8000042CDED1B0EE482A3846F0EE691AB0EE96
:106E9000681AF0EE6A0AB0EE490AFFF713F955B026
:106EA000BDEC088BBDE8F08F1B7E002B9FD0274BDD
:106EB000D3ED007AF5EEC07AF1EE10FA97D8FEF72E
:106EC00015FD0CA8DBED002A9AED002AD9ED0C1A6D
:106ED00099ED0B1A8DED080ACDED090AFEF712FAAD
:106EE000B4EEC0AAF1EE10FA81D5B5EEC00AF1EE0B
:106EF00010FA7FF77CAF8AEE007A0CAA0023D2ED5D
:106F0000007A0133042B67EE877AE2EC017AF6D13E
:106F10006DE700BF9C9A0020A89A0020A09A00204C
:106F200000000000008009446F42E1438FC2753DBC
:106F3000DCFE303C389C0020C09C00208C9B002054
:106F4000AC9C0020D89B0020999A0020F09B002048
:106F5000A49A00200D2970B5154690F8446002D01F
:106F60000A2940F0CB800023026C8354036480F82C
:106F7000443016B14FF0FF3070BD03780446013045
:106F8000202BFAD0092BF8D02046F9F7E1FA00229D
:106F90002318002800F0C38013F8011C01382029B1
:106FA00001D0092902D103F8012DF2E700235E493F
:106FB00020462A706B60F9F7C1FA18B901232B70CB
:106FC0000120D9E759492046F9F7B8FA08B905234D
:106FD000F5E757492046F9F7B1FA08B90423EEE777
:106FE00054492046F9F7AAFA08B90623E7E75249B7
:106FF0002046F9F7A3FA08B90723E0E74F492046EE
:10700000F9F79CFA08B90823D9E707224C4920462A
:1070100001F09CFFA8BBE379202B01D0092B30D1D4
:10702000073402232B70227823460134202AFAD019
:10703000092AF8D02B2A35D02D2A36D1BFEE006A86
:107040000133DFED406A0021F2EE044A5A1EF0EEF1
:10705000665A0846DFED3C7A9FED3C5A12F8013F34
:1070600033BB002E86D000295BD1B7EE007AF4EE58
:10707000C77AF1EE10FA54D467EE867AC5ED017A3C
:107080009EE705223249204601F060FF00287FF488
:1070900071AF6379202B02D0092B7FF46BAF0534DD
:1070A0000323BFE7B7EE006ACAE7B7EE006AC8E796
:1070B0002E2B04D100287FF45DAF0120CEE7303BBA
:1070C000DCB2092C3FF656AFB1B907EE103AB8EE74
:1070D000C77A60B1E6EE877A66EEA56AF4EEC57A05
:1070E0000126F1EE10FACCBF01210021B6E7A7EE90
:1070F000A47AF0EE477AF1E70E46AFE77EB91F2992
:1071000008D8092908D1036C3E2B05D85A1C026403
:10711000C15404E07E29F6D9012380F844300020D0
:107120002AE76FF0030027E7419000084590000828
:107130004A9000084F900008549000085E900008A4
:1071400063900008CDCCCC3D0000000000409C4581
:107150006B9000080078082814D80123834013F4AA
:10716000967F09D113F0C20F07D1042818BF4FF042
:10717000FF3008BF0120704739B1002A18BF6FF0F7
:107180000200F6E74FF0FF3070476FF001007047E4
:1071900008B5084A002308491380084A08481380A4
:1071A000084A13700122FBF7B7FAB0FA80F04009E1
:1071B00008BD00BF0A9D0020089D00200C9D0020F6
:1071C00090970020099D002038B5114B834213D1C0
:1071D000104A1149138809880133104C89B2DBB277
:1071E00099420AD10123237001220D490848FBF777
:1071F00093FA08B10123237038BD21780029F3D117
:107200001188074889B20578064845541380EBE792
:10721000909700200C9D00200A9D0020099D0020D1
:10722000089D00200E9D0020034B834202D1034B9A
:1072300001221A70704700BF90970020099D00201E
:107240000246F8B5EFF3108572B61B4F1B4E3B7824
:107250001B4C03F0FF0063B31A48FAF7DFFC3388D6
:107260009BB2238000233B7030B101233B7085F338
:1072700010884FF0FF30F8BD012213491148FBF789
:107280004BFA0028F1D1F2E723889BB21CF80330B7
:107290001354013023880133DBB2238027883388DD
:1072A000BFB29BB29F4201D08142EDD185F31088DD
:1072B000E1E7DFF818C0F1E7099D00200C9D0020F0
:1072C0000A9D002090970020089D00200E9D002020
:1072D000EFF3108272B6044B04491B889BB20B80FB
:1072E00082F31088704700BF0C9D00200A9D00208B
:1072F00070B52DED048BB0EE409A86B0F0EE608A4A
:107300000446B0EE418A0E46154600211422684616
:1073100001F014FEA36B6946E06B8DF800608DED03
:10732000019ACDED028A8DED038A0595984708B93B
:107330000523237006B0BDEC048B70BD38B52DED70
:10734000028B9FED0E8A04460D460022B0EE481ACD
:107350000321F0EE480AB0EE480AFFF7C9FFB0EE8D
:10736000481AF0EE480A0022B0EE480A08212046EA
:10737000FFF7BEFF2570BDEC028B38BD000000009A
:1073800070B504460E4615460021402201F0D6FD98
:10739000C4E90E6570BD0000F8B5037804460D46DB
:1073A000012B1FD01378EBB15178D9B99378CBB1B9
:1073B0004022D0E90E7601F0C1FD01239FED0A1AAB
:1073C000204623706323A561F0EE410AA360B0EE6E
:1073D000410A4FF4FA620921C4E90E76BDE8F8408B
:1073E000FFF786BF0020F8BD000000000378012BE6
:1073F00002D10321FFF7A2BF7047000070B50378E8
:1074000004460E461546012B3CD113780BB1537838
:107410002BB105212046BDE87040FFF78FBF4368C0
:10742000032B0CD1806841F288325149002818BFE3
:107430000A46A169711A914204D30421EAE747F28E
:107440003052F6E7A268632A08D12B7B032BE0D0E9
:10745000012B17D10023A360A66113E0022B30D8C3
:1074600094F8341021BB73B947F230529FED411AA2
:10747000DFED410A19469FED410A2046FFF738FF2C
:1074800084F8340070BD012B08D147F230529FEDD3
:107490003C1ADFED3C0A9FED3C0AEEE79FED391AFE
:1074A00043F698229FED390A0121F0EE410AE4E704
:1074B000AA78002AE6D001336360002384F83430D0
:1074C000CAE7002A3BD12B7A03F00603062B28D10A
:1074D00094F835206AB99FED2B1A01230321204629
:1074E000F0EE410A84F83530B0EE410A2662FFF72B
:1074F000FFFE236AF31A312BC4D9AB78002BC1D01D
:107500009FED201A0123224A0621F0EE410A20466F
:10751000B0EE410AA360A661FFF7EAFE0028B1D1F0
:1075200077E79FED181A204684F83520FBEE090A0C
:10753000B0EE410A0221BDE87040FFF7D9BEAB783A
:10754000002B3FF466AF2B7B032B3FF462AF012B84
:1075500098D19FED0C1A002203212046F0EE410A3B
:10756000B0EE410AFFF7C4FE022323708AE700BF92
:10757000F0C602000000AA42B9E819444B6ED34499
:10758000000002430000000000C00F45000034432B
:1075900020BF020037B50C46FAF75EFA3B4B0546B2
:1075A000DFED3B7A93ED007ADFED3A6A27EE277A3A
:1075B0002378C7EE267A092B06D8DFE803F00822E5
:1075C0002741050550055A46002003B030BD94ED13
:1075D000031A9FED312A27EE811AD4ED020AF0EE4C
:1075E000421A94ED010AFEF70DFD0028ECD02B4B5A
:1075F00001221A702A4B62691D602A4B1A60012011
:10760000E3E794ED010AFEF7A7FEEEE7D4ED020AE8
:1076100094ED010A67EEA00A9FED231A27EE800A77
:10762000FEF7DAFE0028CFD01C4B1A782AB91C4A84
:1076300041F2883115601B4A116001221A70DEE7A1
:10764000FEF79EFC154B0022F8E74FF4FA63002288
:10765000164900930346164800F03AFBB5E7FEF7DB
:1076600043FE0028B0D063690022124900932B46E4
:10767000F1E7FEF785FC0022084B0F491A700F4B0B
:107680001A70012300932B46E5E700BF100000208D
:10769000DB0FC9400000704200800944FF9E0020BB
:1076A000F89E0020F49E0020000000007190000869
:1076B000389F00205E9000084A900008FE9E00203F
:1076C000502A38B514460FD8084DEB6F202B0BD13C
:1076D000074801F07FFC0649A2B22846FAF72EFAC5
:1076E000B0FA80F0400938BD0020FCE7189800206F
:1076F000989E002008B500230E4A0F48194600F056
:10770000D9FA00220D490E48FFF73AFE01220D4B2F
:107710000D490E481A70FAF7FFFF00280C4B0CBFFA
:10772000012200221A7004D00A4A136843F00103B0
:10773000136008BDC1760008389F002095750008C9
:1077400010A00020009F0020E89E00201898002034
:10775000019F0020EC9E0020074B187850B1074B8A
:107760001878012806D0064BD8696FF31720003827
:1077700018BF0120704700BF009F002010A000200C
:10778000389F00201D4B1B7830B5054685B013B9D6
:10779000002005B030BD1A4B1B68002BF8D1194BE7
:1077A0001B78002BF4D0FFF7D7FF04460028EFD159
:1077B000FEF79AFD0028EBD021461022684601F022
:1077C000BDFBFEF759FE90F878308DF80030FEF7DB
:1077D00053FE036F003B18BF01238DF801300123D6
:1077E0008DF80230084B1D70084B1C70FAF734F905
:1077F0006A4601460648FFF7CFFDCAE7019F002011
:10780000EC9E0020FE9E0020FC9E0020FD9E00209D
:1078100010A00020124B1B7813B513B9002002B042
:1078200010BD104B1B68002BF8D1FFF795FF0446E5
:107830000028F3D1FEF758FD0028EFD00A4B0122B3
:107840001C700A4B1A70FAF707F94FF4FA620346F4
:10785000074900922246074800F03AFADFE700BFE6
:10786000019F0020EC9E0020FE9E0020FD9E002037
:1078700071900008389F00202DE9F843284EF36FDF
:10788000202B03D000252846BDE8F883FEF7F4FD41
:1078900090F87830002BF5D1FEF726FD054600283C
:1078A000F0D0DFF8AC8098F80030012BEAD0DFF898
:1078B000A49099F81C30002BE4D13046FAF7AEF9C9
:1078C00004460028DED1EFF3108372B6154A164F36
:1078D0001060164A1060386083F31088144A03461B
:1078E0000146484600F0E6F9224612494046FFF7B5
:1078F00047FD114B012211491C703046104B1C7082
:10790000104B1C70104B1C70FAF706FF00280F4B31
:107910000CBF012200221A70B5D001233B60B1E7F1
:1079200018980020109E0020EC9E0020149E00203D
:10793000C176000895750008FF9E0020E89E002093
:10794000FC9E0020FD9E0020FE9E0020019F002046
:1079500010A00020389F00200020FFF713BF012057
:10796000FFF710BF104B1B7813B5DBB10F4803783E
:10797000012B04D102B0BDE81040FFF737BD0C4C1D
:10798000237F7BB1636A012B0CD0FAF765F80122E3
:107990000346084900922046002200F099F9064B60
:1079A00000221A7002B010BD009F002010A000201D
:1079B000389F00204A900008FE9E0020114B834211
:1079C00010B518D1104A114913680968013303F042
:1079D0007F03994210D10E4A136843F002031360EB
:1079E00001220C490748FAF797FE20B1084A1368AC
:1079F00043F00403136010BD06481168047806487C
:107A00004454ECE718980020149E0020109E00209B
:107A1000EC9E0020E89E0020189E0020044B83422C
:107A200004D1044A136843F010031360704700BF89
:107A300018980020EC9E00208C4B1B782DE9F04F0D
:107A400097B0002B00F0FC80894CFAF705F801464E
:107A50000746204600F01AFAD4F8CC303BB1854BEB
:107A60001B68FB1AB3F5FA7F01D30123A3778126A4
:107A7000814DDFF83082DFF830920CE02B687C48D3
:107A800019F803102B68013303F07F032B6000F01B
:107A900073F9784B1F602A68D8F800309A4201D0F9
:107AA000013EEBD1754E33684BB101230622E377DB
:107AB000002323770423C4E9092303232375704B90
:107AC000DFF8E8811A783AB1626A022A01BF01221E
:107AD00088F8002000221A70E37F13B1002388F891
:107AE0000030DFF8CC9199F8003083B1654B664ADD
:107AF0001B681268FB1A9342C0F0A580336843F0FC
:107B000020033360FEF73CFA002389F8003001219E
:107B10005E48F9F769FDB0FA80F502215B486D090E
:107B2000AD00F9F761FD08B945F00205102200210A
:107B300005A801F003FAFEF79FFC90F878308DF865
:107B400014303368002B00F08980012303F0010317
:107B50004F4E8DF81530FEF7C7FB237D05AA8DF833
:107B60001600394630468DF8203096F800B0D6F829
:107B700008A08DF81C50FFF741FC464B1B78FBB169
:107B8000BAF1630F1CD1D6F808A0BAF1000F17D1D3
:107B90003378012B14D10322514609A8B761C6E9F5
:107BA0000123142201F0CAF9062309A950468DF8D1
:107BB0002430394B0E93FFF7EDFC08B905233370E1
:107BC000BBF1010F337811D1022B0FD9FEF7D8F991
:107BD0000023E27F89F8003088F8003032B93B4654
:107BE0002E492348CDF800B000F072F8234A002156
:107BF0000CA896F800A01768182298F8009094F83E
:107C00001480D6E901B366680393636AA46A029399
:107C100001F094F9039B159509AD0B93029B109706
:107C20001296CDE91334CDE90D98CDE909AB1C4C82
:107C30000FCD0FC40FCD0FC40FCD0FC42B68236021
:107C400017B0BDE8F08FFEF7BFF9054600287FF4B6
:107C50005EAFFEF795F989F8005058E7FEF70CFC87
:107C6000036F002B7FF471AFE37F6FE7009F00206D
:107C7000389F0020F09E0020109E0020EC9E0020E7
:107C8000FD9E0020F89E0020F49E0020000C024083
:107C900010A00020FC9E002020BF02004A90000897
:107CA000049F0020149E0020189E0020FE9E0020AD
:107CB000FF9E0020F8B504460F4616461D46D82202
:107CC000002101F03BF92760C4E93465F8BD0000EC
:107CD0002DE9F0410D460446224998462846069F64
:107CE000F8F72CFC68B9E37F43B923770123062218
:107CF000E3770523C4E90923032323750120BDE8A5
:107D0000F081E6696FF317263EBB37B31649284664
:107D1000F8F714FC90B9154904F12C0001F052F960
:107D2000012363626368C4F80880013327616360DC
:107D30000123A38300232375A362DFE70C492846B0
:107D4000F8F7FCFB58B9636A022BD8D1094904F152
:107D50002C0001F037F90323E3E70020CFE730469A
:107D6000CDE700BF4A9000087190000877900008A6
:107D70005E9000087E9000080D2938B5044603D1B6
:107D8000012380F8203038BD0A2917D090F8203020
:107D90003BB9A1F120035E2B03D8D0F8CC304E2B99
:107DA00002D90123A377EEE7827F002AEBD15A1C88
:107DB0000344C0F8CC2083F87C10E4E7D0F8CC3042
:107DC000C218002382F87C30827FC0F8CC3080F863
:107DD00020304AB103774FF48073C3830621032315
:107DE000C4E909132375CEE790F87C30002BCAD084
:107DF000C37F002BC7D1037F0BB1437F23B900237F
:107E000023770123E377E9E700F17C051B49284646
:107E1000F8F794FB30B9636A012B03D10222207773
:107E20006262DFE716492846F8F788FB28B9636ADB
:107E3000032B02D104236362A5E712492846F8F711
:107E40007DFB38B9636A042B04D105232077636274
:107E50000123C7E70C492846F8F770FB0028CED16C
:107E6000636A033B012BCAD8012306222077E377FC
:107E70000223C4E909230323B4E700BF8B90000861
:107E80009090000899900008A3900008037F70B5B7
:107E900004460D46ABB183680269CB1A9A4207D9F2
:107EA000426A22F00202012A0CD1B3F5FA6F09D31B
:107EB0000023062223770123E377C4E90923032360
:107EC000237570BD637F002BFBD104F12C06304677
:107ED000F8F73EFBD4F8D03002463146D4F8D4004F
:107EE00098470028EDD00123E5606377E9E70000BB
:107EF000DFED010A00F0EAB8DB0FC940DFED157ACB
:107F000082B020EE270ADFED147A87EE807A71EED8
:107F1000617A31EE211AF0EE676AE0EE827AE0EEE5
:107F2000C26A67EE877A66EE876AC0ED037AC0EDB3
:107F3000006AF0EE416AA0EEC21AE0EE826A21EE1B
:107F4000071A66EE876A80ED021AC0ED016A02B078
:107F5000704700BFDB0FC94000007042DFED217A9F
:107F600082B0D0ED016A20EE270ADFED1F7A80EEA5
:107F7000277AD0ED007A77EEA67AD0ED026A77EE16
:107F8000A67AD0ED036A77EEA67A67EE877AC1ED1E
:107F9000007AD0ED006AD0ED017A77EEE67AD0ED86
:107FA000026A77EEA67AD0ED036A77EEE67A67EE9C
:107FB000877AC1ED017AD0ED006AD0ED017A77EED3
:107FC000E67AD0ED026A77EEE67AD0ED036A77EED4
:107FD000A67A67EE877A87EEA07A81ED027A02B000
:107FE000704700BFDB0FC94000007043DFED237A0C
:107FF0000B46F0EE675A70B50C4601F11005B3EC74
:10800000017AB0EEC77AAB42C7FE277AF7D1B4EE59
:10801000E70A0346B1EE405A0646F1EE10FA4CBFAD
:10802000C0EE276AF7EE006AF7EE007AB6EC016A56
:10803000B1EC017AB5EEC06A27EE267AF1EE10FABD
:1080400017DD30EE477AC7EE064AC4FEE77AA9424A
:10805000ECD1103087FEA50AF4EC017AB3EC017A7A
:1080600067EEA67A9842E7EE007AE2EC017AF3D165
:1080700070BDECD535EE477AE5E700BF00000000A3
:1080800008B52DED048BB0EE409AF0EE608A00F05A
:1080900091F9B0EE408A00F0DFF878B9B0EE490A05
:1080A00000F0DAF850B1B0EE680A00F0D5F828B167
:1080B00000F05EFF9FED048A22230360B0EE480AC1
:1080C000BDEC048B08BD00BF0000807F08B52DED1E
:1080D000028BB0EE608A00F02DFBB4EE488AF1EE20
:1080E00010FA0CD6DFED078AB4EE688AF1EE10FACA
:1080F00005D100F03DFF88EEA80A21230360BDEC06
:10810000028B08BD0000000008B52DED028BB0EE1B
:10811000408A00F0ABF8B4EE488AF1EE10FA0CD6C3
:10812000DFED078AB4EEE88AF1EE10FA05D500F02B
:108130001FFF88EEA80A21230360BDEC028B08BD57
:108140000000000010EE103A07B51E4A23F000436D
:10815000934206D8DFED1C0A03B05DF804EB00F093
:1081600089B8B3F1FF4F04D330EE400A03B05DF895
:1081700004FB684600F0AEF900F00300012809D0C6
:10818000022810D0B0B9DDED010A9DED000A00F023
:1081900071F8EBE7DDED010A9DED000A00F0C2F891
:1081A000B1EE400AE2E7DDED010A9DED000A00F0C4
:1081B00061F8F5E7DDED010A9DED000A012000F010
:1081C000B1F8D3E7D80F493F0000000010EE103A95
:1081D00007B51F4A23F00043934207D8DFED1D0A7D
:1081E000002003B05DF804EB00F09CB8B3F1FF4F42
:1081F00004D330EE400A03B05DF804FB684600F09B
:1082000069F900F0030001280AD002280FD0C0B994
:10821000DDED010A9DED000A012000F083F8EAE798
:10822000DDED010A9DED000A00F024F8E3E7DDED45
:10823000010A9DED000A012000F074F8B1EE400A39
:10824000D9E7DDED010A9DED000A00F013F8F5E72E
:10825000D80F493F0000000010EE103A23F0004014
:10826000B0F1FF4FACBF002001207047B1EEC00A53
:108270007047000010EE103A23F00043B3F1485F5E
:10828000F0EE406AB7EE000A04D2FDEEE67A17EE91
:10829000902A42B326EEA67ADFED1A7A9FED1A6A8B
:1082A0001A4AA7EE276A9342DFED197AE6EE077ABB
:1082B0009FED186AA7EE876ADFED177AE6EE077A78
:1082C0009FED166AA7EE876A60EEE60A26EE076A59
:1082D000F6EE007AE7EE060A67EE277A04D877EE24
:1082E000E07A30EE670A70470D4A93429ABF03F175
:1082F0007F4307EE103AB5EE027A30EE470A77EE8A
:10830000C77AECE74ED747ADF6740F319999993E8D
:108310007CF293B4010DD037610BB6BAABAA2A3DFB
:108320000000483F10EE103A23F00043B3F1485FDD
:1083300004D2FDEEC07A17EE903A5BB320EE007ADD
:10834000DFED157A9FED156AA7EE276ADFED147A47
:10835000E6EE077A9FED136AA7EE876ADFED127AE1
:1083600060EE076AE6EE077A30B99FED106AA7EE75
:10837000276AA6EE260A704767EEE67AB6EE006A2E
:10838000E0EE867AD7EE870ADFED097AE6EEA70AF5
:1083900030EE600A704700BFD3C92E2F342FD7B2FA
:1083A0001BEF3836010D50B98988083CABAA2ABEAC
:1083B000ABAA2A3E10EE103A23F0004210EE903A9B
:1083C00023F000439A42A2BF194613460A46991A5F
:1083D000B1F1706F10B500EE103A06EE902A02DD92
:1083E00030EE260A10BDB3F1B14F48DDB3F1FF4FB7
:1083F0000CDB14BF30EE260A9FED330ADFED327A34
:10840000B2F1FF4F08BFB0EE670AEBE703F15E433E
:1084100002F15E4200EE103A06EE902A4424B2F1D8
:108420001A5F0BDA002ADDD0B2F5000F29DADFED92
:10843000277A66EEA76A20EE270A7E3C30EE666A4F
:108440002349F4EEC66AF1EE10FA24D50B4007EE8C
:10845000903A30EE277A30EE670A27EE000AA6EE51
:10846000A60AA7EEA70AFFF701FF002CBAD0E40581
:1084700004F17E5407EE904A20EE270AB2E700246A
:10848000CDE703F1085302F1085200EE103A06EE70
:10849000902A443CD2E703F500030B4007EE903AE4
:1084A000F0EE004AB0EE675A90EE245A0A4007EE0A
:1084B000102A26EE850A76EEC75AA5EEA70AA6EE82
:1084C000060AA7EE270ACEE70000807F0000807E24
:1084D00000F0FFFFF0B510EE106A884B26F0004563
:1084E0009D4287B0044605D8002380ED000A436012
:1084F000002022E0824B9D423AD826F00043002E15
:108500009FED807A804A23F00F0318DD934270EECE
:10851000477A09BF9FED7D7ADFED7D6ADFED7D6AE9
:1085200077EEC77A37EEE67A77EEC77A80ED007A93
:1085300077EEE67AC0ED017A012007B0F0BD9342F4
:1085400070EE077A09BF9FED717ADFED716ADFED9A
:10855000716A77EE877A37EEA67A77EEC77A80ED82
:10856000007A77EEA67AC0ED017A4FF0FF30E4E7AB
:10857000694B9D4273D800F045F99FED687AF6EE9D
:10858000007AE0EE077AFDEEE77AB8EEE77A17EECA
:10859000900ADFED5C7AA7EE670A1F28DFED5C7AB0
:1085A00067EE277AB1EE476A70EE676A16EE901AA8
:1085B00009DC5B4A471E26F0004352F8272023F0CF
:1085C000FF03934207D1C1F3C752C2EBD552082A29
:1085D0004FEAE55314DC216094ED007A30EE470A4F
:1085E000002E30EE670A84ED010AA6DAB1EE477A72
:1085F000B1EE400A84ED007A84ED010A40429CE726
:10860000DFED425AF0EE406AE6EE256A70EE667AD9
:10861000E6EE257ADFED3F5AD7EE257A76EEE75A79
:1086200015EE902AC2F3C7515B1A192B04DCC4ED76
:10863000005AB0EE660ACFE7DFED3A5AB0EE660AAE
:10864000A6EE250A76EEC07ADFED376AE6EE257AE9
:10865000D7EE267A30EE677A84ED007ABCE7B5F182
:10866000FF4F06D370EE407AC0ED017AC0ED007A7C
:108670003EE7EA15863AA5EBC25307EE903ABDEE07
:10868000E77ADFED2A6AB8EEC77A77EEC77A8DED22
:10869000037A67EEA67ABDEEE77AB8EEC77A77EE90
:1086A000C77A8DED047A67EEA67AF5EE407AF1EEA0
:1086B00010FACDED057A1ED1B5EE407AF1EE10FA42
:1086C0000CBF012302231A4901910221009103A842
:1086D000214600F09FF8002EBFF62FAFD4ED007AB0
:1086E000F1EE677AC4ED007AD4ED017AF1EE677AA3
:1086F000C4ED017A82E70323E5E700BFD80F493FC5
:10870000E3CB1640800FC93FD00FC93F0044353737
:108710004344353708A3852E800F494384F9223F0F
:10872000D490000800A3852E32318D2400008043B0
:1087300054910008F8B510EE906A26F000456B1EC3
:10874000B3F1FF4F2DED028BF0EE407AF0EE608A30
:1087500006D210EE104A24F00047B7F1FF4F06D3BF
:1087600067EEA87A87EEA70ABDEC028BF8BDB5F1DB
:10877000FE4F05D270EEA00A00F0B4FAF0EE407A97
:10878000BD4204D19FED1E0A27EE800AECE7B0EE51
:10879000670A00F037F8B0EE408AB0EE680A00F0E1
:1087A00031F816F0FE4F12D178EE087AF4EEC07A66
:1087B000F1EE10FA1BDD38EE408A78EE087AF4EE1E
:1087C000C07AF1EE10FA12DB38EE408A0FE0F6EED6
:1087D000007A60EE277AB4EEE78AF1EE10FA06DD51
:1087E00038EE408AF4EEC87AF1EE10FAECD918EEC1
:1087F000103A04F00044634000EE103AB4E700BFC2
:108800000000000010EE103A23F0004300EE103A92
:10881000704700002DE9F04F2DED048BD9B0904644
:108820000190B64A669818F1040F52F820A00F463E
:1088300003F1FF3B26DBB8F1030248BF08F1040255
:10884000D210551C67999FEDB17AE800A2EB0B0698
:108850000290A8EBC5050AEB0B0C1CAC01EB860ED5
:108860000020604510DD1CA901EB83000DF588791F
:108870000026564524DCDDF804E0DFEDA47A8446CA
:10888000002416E00022DCE7C6425DBF5EF820103F
:1088900007EE901AF8EEE77AF0EE477AE4EC017A08
:1088A0000130DEE7FEEC016A3CED017AE6EE877A04
:1088B00001345C45F6DDE9EC017A01360430D8E795
:1088C00008A901EB8A0104916799DFED8F8A9FED7A
:1088D0008D9A01EB820203925446A200059258AA97
:1088E00002EB840212ED140A44A908AA01EB8400E9
:1088F00094462646002E4CDC2846CDE9062300F09F
:1089000073FAB0EE408AB4EE000A28EE000A00F0D6
:10891000D1FAF2EE007AA0EE678A002DDDE9062397
:10892000FDEEC87A17EE909AF8EEE77A38EE678A8D
:1089300041DD04F1FF3C08A9C5F1080E51F82C6097
:1089400046FA0EF0814400FA0EF0361AC5F107001F
:1089500041F82C600641002E3CDD4FF0000E09F17D
:1089600001097046744568DC002D03DD012D74D0CB
:10897000022D7DD0022E2DD1B7EE000A30EE488AAE
:1089800040B32846069300F02FFA069B38EE408A43
:1089900020E060EE287A013EFDEEE77AF8EEE77A15
:1089A000A7EEC90ABDEEC00AACEC010A30ED010A1F
:1089B00037EE800A9EE705D1601E08A951F82060B5
:1089C000F611C8E7F6EE007AB4EEE78AF1EE10FA97
:1089D00031DA0026B5EE408AF1EE10FA40F09880C8
:1089E000601E002250454BDA002A65D0013C08ABDE
:1089F000083D53F82430002BF8D02846B7EE000A83
:108A000000F0F2F9631C44AA9FED3F7A990002EB53
:108A100083022346002B80F2A9802346002BC0F25C
:108A2000C78044AA02EB8305DFF8D4C0DFED377AB4
:108A30000020E21AB1E002268FE752F8041B48B981
:108A400021B1C1F5807142F8041C01210EF1010E23
:108A5000084687E7C1F1FF01F5E704F1FF3C08AAEA
:108A600052F82C2002F07F0208A941F82C2081E75F
:108A700004F1FF3C08AA52F82C2002F03F02F3E771
:108A800008A951F8201001380A43ABE7013250F829
:108A9000046D002EFAD0059901F5B0710DEB0100BF
:108AA000E6181CA904F1010C4C3801EB860622449F
:108AB000624504DA144610E704980122E7E70399B7
:108AC000DDF804E051F82C10059107EE901AF8EE4D
:108AD000E77A0024E6EC017ADFED0C7AB1465C45DA
:108AE00004DDE0EC017A0CF1010CE1E7FEEC016A37
:108AF00039ED017A0134E6EE877AF0E798940008C0
:108B00006C940008000080430000803B00000000DF
:108B1000029BB0EE480AA3EB080000F065F91FEDD8
:108B2000077AB4EEC70AF1EE10FA19DB5FED0A7AA4
:108B300060EE277A08AAFDEEE77A0835F8EEE77AC4
:108B4000A7EEC70AFDEEE77ABDEEC00A10EE103AB6
:108B500042F8243017EE903A013442F824304CE7C2
:108B6000BDEEC00A08AA10EE103AF6E708A850F8C1
:108B70002300019007EE900AF8EEE77A013B67EEDA
:108B8000807A20EE070A62ED017A43E7FCEC016A85
:108B9000B5EC017AE6EE877A0130504501DC90426F
:108BA000F4DD58A800EB820242ED287A013B35E75C
:108BB000669B022B09DC002B27DC40D009F0070064
:108BC00059B0BDEC048BBDE8F08F669B032BF5D14B
:108BD00030AA0B1F13441A462046002850DC2246B8
:108BE000012A5DDC30AB5FED377A0B44012C67DC8A
:108BF000DDED306A9DED317A002E67D1C7ED006A58
:108C000087ED017AC7ED027AD8E730AB1FED417AE4
:108C10000B442246002A24DA4EB3F1EE477AC7ED20
:108C2000007ADDED307A77EEC77A31AA01239C42D3
:108C300020DA0EB1F1EE677AC7ED017ABEE730AB0C
:108C40005FED4E7A0B44002C05DA0EB1F1EE677A37
:108C5000C7ED007AB2E733ED017A013C77EE877A0F
:108C6000F1E773ED017A013A37EE277AD2E7F0EEB9
:108C7000477AD4E7B2EC017A013377EE877AD6E708
:108C800072ED017AD2ED016A37EEA67A013877EEFD
:108C9000C77A82ED007A77EEA67AC2ED017A9CE778
:108CA00073ED017AD3ED016A37EEA67A013A77EED9
:108CB000C77A83ED007A77EEA67AC3ED017A8FE763
:108CC00033ED017A013C77EE877A8FE7F1EE666A41
:108CD000B1EE477AC7ED006A87ED017AF1EE677A67
:108CE00090E700BF70B510EE906A26F000435A1E60
:108CF000B2F1FF4F06D210EE104A24F00041B1F15C
:108D0000FF4F04D360EE200A80EEA00A70BD9942A6
:108D1000FCDB04F0004505D1324B03EB557393EDBA
:108D2000000AF3E714F0FF4F46D10A026FF07D000E
:108D3000002A3EDC16F0FF4F01BF1A02B2FA82F29F
:108D4000C2F1FF2202F57F0216BFDA1582327F3AA6
:108D500010F17E0FBBBF6FF07D04241AC4F316041C
:108D6000A140A8BF44F4000112F17E0FB5BF6FF01F
:108D70007D04C6F31606A41A46F40004B8BF03FA2D
:108D800004F4801A0B1BD0B933EA230328BF0B4627
:108D9000002BC1D0B3F5000F19DB12F17E0F19DBE8
:108DA000A3F500037F322B4343EAC25300EE103A8F
:108DB000ACE701385200BBE7C8157F38BAE7002B93
:108DC00002DA49000138DDE7A6D05900FAE75B0076
:108DD000013ADFE7C2F1FF2202F57F02823213413E
:108DE0002B43E3E7A494000810EE103A33F000425E
:108DF0002BD0B2F1FF4F02D330EE000A704713F0D0
:108E0000FF4F23D1244BDFED257A984220EE270A2D
:108E100017DB10EE103AC3F3C752193A4CF2503137
:108E2000884215DDDFED1E7ADFED1E6A10EE103A86
:108E3000B0EE677A002BB8BFF0EE667A27EE870AAD
:108E40007047DFED197A27EE800A7047D20DE5E70B
:108E50001044FE28E6DC002806DD23F0FF4343EA49
:108E6000C05300EE103A704710F1160F09DADFED2B
:108E70000E7ADFED0E6A10EE103AB0EE677A002B34
:108E8000D9E7193023F0FF4343EAC0539FED080AA6
:108E900007EE903AD7E700BFB03CFFFF0000004C60
:108EA000CAF24971CAF249F16042A20D6042A28D34
:108EB0000000003310EE103AC3F3C7527F3A162A6F
:108EC00023F000412BDC002A12DADFED197A30EEB4
:108ED000270AB5EEC00AF1EE10FA06DD002B24DAFF
:108EE0000029144B08BF4FF0004300EE103A7047C2
:108EF000114911410B42FAD0DFED0D7A30EE270A0D
:108F0000B5EEC00AF1EE10FAEFDD002BBEBF4FF454
:108F1000000040FA02F29B1823EA0103E5E7B1F1F1
:108F2000FF4FE4D330EE000A70470023DDE700BFB7
:108F3000CAF24971000080BFFFFF7F000244034670
:108F4000934200D1704703F8011BF9E710B56AB1ED
:108F50000139841810F8012B11F8013F9A4203D10E
:108F6000A04201D0002AF5D1D01A10BD1046FCE76E
:108F7000014B1868704700BF5000002070B50D4DC0
:108F80000D4C641BA4100026A64209D10B4D0C4CBD
:108F900000F02EF8641BA4100026A64205D170BD77
:108FA00055F8043B98470136EEE755F8043B9847DF
:108FB0000136F2E7B4940008B4940008B4940008B1
:108FC000B8940008034611F8012B03F8012B002A7E
:108FD000F9D170470A44914200F1FF3300D1704744
:108FE00010B511F8014B03F8014F9142F9D110BDB2
:108FF000F8B500BFF8BC08BC9E467047F8B500BF86
:08900000F8BC08BC9E46704755
:10900800000000000102030400000000000000004E
:1090180001020304060708090006101600061016C8
:1090280049444C4500546D7220537663004368618F
:10903800737369735461736B0041524D005041540E
:10904800480053544F500050494E470052444B5F1C
:109058005245534554004449534300464F525741E3
:1090680052440053484946540048454C4C4F005020
:10907800494E470D0A00444953435F5354415254E3
:109088000D0A00504F4E4700444953435F41434B3C
:1090980000444953435F444F4E4500444953435F9E
:1090A8004552524F52000000359000080000000061
:1090B80000000000000000000000000000080000A0
:1090C800200000000000000000000000000FC93F61
:1090D800000F494000CB9640000FC9400053FB40A9
:1090E80000CB164100ED2F41000F4941003162418C
:1090F80000537B41003A8A4100CB9641005CA34172
:1091080000EDAF41007EBC41000FC94100A0D54130
:109118000031E24100C2EE410053FB4100F203423C
:10912800003A0A420083104200CB164200141D4246
:10913800005C234200A5294200ED2F42003636424A
:10914800007E3C4200C74242000F4942A200000094
:10915800F9000000830000006E0000004E000000CF
:10916800440000001500000029000000FC00000079
:109178002700000057000000D1000000F5000000A3
:1091880034000000DD000000C0000000DB0000002B
:109198006200000095000000990000003C000000FB
:1091A800430000009000000041000000FE000000A5
:1091B8005100000063000000AB000000DE0000006A
:1091C800BB000000C500000061000000B7000000FF
:1091D800240000006E0000003A0000004200000079
:1091E8004D000000D2000000E00000000600000072
:1091F800490000002E000000EA00000009000000FD
:10920800D1000000920000001C000000FE000000D9
:109218001D000000EB0000001C000000B100000071
:1092280029000000A70000003E000000E800000040
:109238008200000035000000F50000002E0000004C
:10924800BB0000004400000084000000E9000000AA
:109258009C0000007000000026000000B400000020
:109268005F0000007E00000041000000390000009F
:1092780091000000D60000003900000083000000C3
:109288005300000039000000F40000009C000000BA
:10929800840000005F0000008B000000BD0000009B
:1092A800F9000000280000003B0000001F0000003B
:1092B800F800000097000000FF000000DE0000003A
:1092C80005000000980000000F000000EF000000FB
:1092D8002F000000110000008B0000005A00000061
:1092E8000A0000006D0000001F0000006D00000073
:1092F800360000007E000000CF00000027000000BC
:10930800CB00000009000000B70000004F0000007B
:10931800460000003F000000660000009E000000BC
:109328005F000000EA0000002D000000750000004A
:1093380027000000BA000000C7000000EB00000092
:10934800E5000000F10000007B0000003D00000087
:109358000700000039000000F70000008A00000044
:109368005200000092000000EA0000006B000000BC
:10937800FB0000005F000000B10000001F000000BB
:109388008D0000005D00000008000000560000008D
:10939800030000003000000046000000FC00000050
:1093A8007B0000006B000000AB000000F000000034
:1093B800CF000000BC000000200000009A00000060
:1093C800F4000000360000001D000000A9000000A5
:1093D800E300000091000000610000005E00000052
:1093E800E60000001B000000080000006500000007
:1093F80099000000850000005F00000014000000D4
:10940800A000000068000000400000008D0000007F
:10941800FF000000D8000000800000004D000000A0
:109428007300000027000000310000000600000063
:10943800060000001500000056000000CA000000E9
:1094480073000000A8000000C900000060000000D0
:10945800E20000007B000000C00000008C0000005B
:109468006B0000000000C93F0000F0390000DA3747
:109478000000A2330000842E0000502B0000C227F9
:109488000000D0220000C41F0000C61B00004417C3
:1094980004000000070000000900000000000000B0
:0494A8000000008040
:0894AC00946DFF7F0100000038
:0494B400F5010008B6
:0494B800D1010008D6
:1094BC000024F4000100000010000000AAAAAAAACF
:1094CC004DD5114200800043008002430000484308
:1094DC006666E63F00000000000000003333F33FF7
:1094EC000000803F0000803F96438B3C0000803F93
:1094FC000000803F0201030401FF01FF0100000096
:10950C00540000200000000050A00020B8A0002053
:10951C0020A100200000000000000000000000005E
:10952C00000000000000000000000000000000002F
:10953C00000000000000000000000000000000001F
:10954C00000000000000000000000000000000000F
:0400000508004D1989
:00000001FF
