:020000040800F2
:100000000000052035860008F1830008F983000808
:100010000184000809840008118400080000000021
:100020000000000000000000000000003174000823
:10003000198400080000000041760008A976000835
:100040008586000885860008858600088586000864
:100050008586000885860008858600088586000854
:100060008586000885860008858600088586000844
:1000700029840008858600083D84000885860008DC
:10008000518400088586000885860008858600085A
:100090008586000885860008858600088586000814
:1000A0008586000885860008858600088586000804
:1000B00085860008858600088586000885860008F4
:1000C00085860008858600088586000885860008E4
:1000D0008586000885860008658400087984000804
:1000E00085860008858600088586000885860008C4
:1000F00085860008858600088586000885860008B4
:1001000085860008858600088586000885860008A3
:100110008D840008A1840008B58400088586000845
:100120008586000885860008858600088586000883
:100130008586000885860008858600088586000873
:100140008586000885860008858600088586000863
:10015000858600088586000885860008DD840008FD
:100160008586000885860008858600088586000843
:100170008586000885860008858600088586000833
:10018000858600088586000885860008C9840008E1
:100190008586000885860008858600088586000813
:1001A0008586000885860008858600088586000803
:1001B00085860008858600088586000885860008F3
:0801C000858600088586000811
:1001D00010B5054C237833B9044B13B10448AFF381
:1001E00000800123237010BDA0000020000000004B
:1001F000DCEE000808B5034B1BB103490348AFF31D
:10020000008008BD00000000A4000020DCEE000813
:1002100053B94AB9002908BF00281CBF4FF0FF316D
:100220004FF0FF3000F088B9ADF1080C6DE904CE55
:1002300000F006F8DDF804E0DDE9022304B07047C1
:100240002DE9F047089D8E4604468846002B4AD18A
:100250008A42174662D9B2FA82F64EB1C6F120033D
:1002600001FA06F820FA03F3B74043EA0808B4405D
:100270004FEA174E1FFA87FCB8FBFEF1230C0EFB6A
:10028000118843EA084301FB0CF29A4209D9FB1892
:1002900001F1FF3080F0EA809A4240F2E7800239B3
:1002A0003B449A1AA3B2B2FBFEF00EFB102243EAC3
:1002B000024300FB0CFC9C4509D9FB1800F1FF32FE
:1002C00080F0D6809C4540F2D3803B44023840EA1F
:1002D0000140A3EB0C0300211DB1F3400022C5E94E
:1002E0000032BDE8F0878B4205D90DB1C5E90001A8
:1002F00000210846F5E7B3FA83F1002946D173459A
:1003000002D3824200F20581841A6EEB03020120BF
:100310009046002DE5D0C5E90048E2E7002A00F04C
:100320009080B2FA82F6002E40F0A4808A1A030C64
:100330004FEA174E80B2BCB20121B2FBFEFC0EFBAD
:100340001C2243EA024304FB0CF29A4207D9FB1831
:100350000CF1FF3802D29A4200F2E080C4469B1AA8
:10036000B3FBFEF20EFB123340EA034302FB04F43C
:100370009C4207D9FB1802F1FF3002D29C4200F2E6
:10038000CA8002461B1B42EA0C40A5E7C1F12006C9
:100390008B4022FA06F71F430EFA01F420FA06F307
:1003A0002EFA06FE4FEA1749234300FA01F81FFA16
:1003B00087FCBEFBF9F01C0C09FB10EE44EA0E446E
:1003C00000FB0CFEA64502FA01F209D93C1900F126
:1003D000FF3A80F09C80A64540F2998002383C4468
:1003E000A4EB0E041FFA83FEB4FBF9F309FB1344DC
:1003F0004EEA044403FB0CFCA44508D93C1903F164
:10040000FF3E80F08280A4457FD9023B3C4443EA12
:100410000040A4EB0C04A0FB02EC64457346E146EB
:1004200062D35FD05DB1B8EB030264EB090404FA58
:1004300006F622FA01F31E43CC40C5E90064002110
:100440004FE7B1FBF2FC010C41EA0E4180B240EAF9
:1004500001423B4638463C46B846BE462026B1FBE4
:10046000F7F1A2EB080241EA0C4166E7014618E702
:1004700010462CE7C6F120022EFA02F3B740B14035
:1004800020FA02F24FEA174E0A43B3FBFEF8BCB261
:100490000EFB1833110C41EA034108FB04F9B0408C
:1004A00089454FEA104380B23ED9791808F1FF3CE4
:1004B00001D289451FD8A1EB0901B1FBFEF909FB67
:1004C00004F80EFB191192B242EA0142424529D2C8
:1004D000BA1809F1FF31C4D24245C2D2A9F10201D2
:1004E0003A44BEE7F0459DD2BEEB02036CEB070C2D
:1004F0000138E14696E7A7EB09094944A8F1020C47
:10050000B1FBFEF909FB04F8DBE773467FE75046D1
:1005100066E70846FDE63B44023A33E7ACF1020CDD
:100520003B441CE749469CE7A1EB0901C446B1FBEB
:10053000FEF909FB04F8C4E7704700BF10F8012B6F
:1005400011F8013B012A28BF9A42F7D0D01A704710
:10055000034613F8012B002AFBD1181A0138704703
:1005600080B400AF064BD3F88830054A43F47003DB
:10057000C2F8883000BFBD465DF8047B704700BFFD
:1005800000ED00E080B582B000AF78607B68002BA2
:1005900001D1012349E07B6893F83D30DBB2002BA9
:1005A00006D17B68002283F83C20786800F041F88F
:1005B0007B68022283F83D207B681A687B680433DD
:1005C0001946104600F0E8F97B68012283F84820BC
:1005D0007B68012283F83E207B68012283F83F205C
:1005E0007B68012283F840207B68012283F8412048
:1005F0007B68012283F842207B68012283F8432034
:100600007B68012283F844207B68012283F845201F
:100610007B68012283F846207B68012283F847200B
:100620007B68012283F83D20002318460837BD4629
:1006300080BD80B483B000AF786000BF0C37BD468A
:100640005DF8047B7047000080B485B000AF78602F
:100650007B6893F83D30DBB2012B01D0012354E0DD
:100660007B68022283F83D207B681B68DA687B6820
:100670001B6842F00102DA607B681B68264A9342DD
:1006800022D07B681B68B3F1804F1DD07B681B684C
:10069000224A934218D07B681B68214A934213D0A8
:1006A0007B681B681F4A93420ED07B681B681E4AFA
:1006B000934209D07B681B681C4A934204D07B6834
:1006C0001B681B4A934215D17B681B689A68194BBB
:1006D0001340FB60FB68062B15D0FB68B3F5803F29
:1006E00011D07B681B681A687B681B6842F00102A6
:1006F0001A6008E07B681B681A687B681B6842F018
:1007000001021A6000E000BF002318461437BD46FE
:100710005DF8047B704700BF00000140000400400A
:1007200000080040000C004000040140004001406F
:10073000001800400700010080B584B000AF786069
:100740007B681B68DB68FB607B681B681B69BB60A0
:10075000BB6803F00203002B20D0FB6803F0020308
:10076000002B1BD07B681B686FF002021A617B684C
:1007700001221A777B681B689B6903F00303002B37
:1007800003D0786800F0E9F805E0786800F0DBF85D
:10079000786800F0ECF87B6800221A77BB6803F0F9
:1007A0000403002B20D0FB6803F00403002B1BD0B4
:1007B0007B681B686FF004021A617B6802221A775B
:1007C0007B681B689B6903F44073002B03D0786837
:1007D00000F0C3F805E0786800F0B5F8786800F03C
:1007E000C6F87B6800221A77BB6803F00803002B69
:1007F00020D0FB6803F00803002B1BD07B681B682C
:100800006FF008021A617B6804221A777B681B6804
:10081000DB6903F00303002B03D0786800F09DF838
:1008200005E0786800F08FF8786800F0A0F87B6841
:1008300000221A77BB6803F01003002B20D0FB685E
:1008400003F01003002B1BD07B681B686FF01002B5
:100850001A617B6808221A777B681B68DB6903F4DE
:100860004073002B03D0786800F077F805E07868D3
:1008700000F069F8786800F07AF87B6800221A774F
:10088000BB6803F00103002B0CD0FB6803F00103ED
:10089000002B07D07B681B686FF001021A61786833
:1008A00007F05EF8BB6803F08003002B04D1BB683F
:1008B00003F40053002B0CD0FB6803F08003002BE3
:1008C00007D07B681B686FF402521A61786800F0E9
:1008D00013F9BB6803F48073002B0CD0FB6803F0A2
:1008E0008003002B07D07B681B686FF480721A614D
:1008F000786800F00BF9BB6803F04003002B0CD0C4
:10090000FB6803F04003002B07D07B681B686FF087
:1009100040021A61786800F034F8BB6803F02003E5
:10092000002B0CD0FB6803F02003002B07D07B6862
:100930001B686FF020021A61786800F0D3F800BFDE
:100940001037BD4680BD80B483B000AF786000BF73
:100950000C37BD465DF8047B704780B483B000AFB0
:10096000786000BF0C37BD465DF8047B704780B4EB
:1009700083B000AF786000BF0C37BD465DF8047BE4
:10098000704780B483B000AF786000BF0C37BD46BD
:100990005DF8047B7047000080B485B000AF7860DC
:1009A00039607B681B68FB607B68434A934213D0C5
:1009B0007B68B3F1804F0FD07B68404A93420BD0E5
:1009C0007B683F4A934207D07B683E4A934203D0FC
:1009D0007B683D4A934208D1FB6823F07003FB60BB
:1009E0003B685B68FA681343FB607B68324A93425A
:1009F0002BD07B68B3F1804F27D07B682F4A93427E
:100A000023D07B682E4A93421FD07B682D4A9342A5
:100A10001BD07B682C4A934217D07B682B4A9342A9
:100A200013D07B682A4A93420FD07B68294A9342AD
:100A30000BD07B68284A934207D07B68274A9342B1
:100A400003D07B68264A934208D1FB6823F44073A5
:100A5000FB603B68DB68FA681343FB60FB6823F0CC
:100A600080023B685B691343FB603B689A687B6864
:100A7000DA623B681A687B689A627B680E4A934226
:100A800003D07B68104A934203D13B681A697B68A4
:100A90001A637B681B6843F004027B681A607B68FA
:100AA00001225A617B68FA681A6000BF1437BD469C
:100AB0005DF8047B704700BF000001400004004067
:100AC00000080040000C00400004014000400140CC
:100AD000004401400048014000180040001C004054
:100AE0000020004080B483B000AF786000BF0C37B6
:100AF000BD465DF8047B704780B483B000AF78607A
:100B000000BF0C37BD465DF8047B704780B483B0EE
:100B100000AF786000BF0C37BD465DF8047B7047BE
:100B200080B485B000AF78607B6803F00703FB609A
:100B30000B4BDB68BB60BA684FF6FF031340BB602A
:100B4000FB681A02BB681A43064B1343BB60044A96
:100B5000BB68D36000BF1437BD465DF8047B7047A7
:100B600000ED00E00000FA0580B400AF044BDB6844
:100B70001B0A03F007031846BD465DF8047B704767
:100B800000ED00E080B483B000AF0346FB7197F93D
:100B90000730002B0BDBFB7903F01F02074997F9A5
:100BA00007305B09012000FA02F241F8232000BF60
:100BB0000C37BD465DF8047B704700BF00E100E0E4
:100BC00080B483B000AF03463960FB7197F90730FA
:100BD000002B0ADB3B68DAB20C4997F907301201A7
:100BE000D2B20B4483F800230AE03B68DAB208492A
:100BF000FB7903F00F03043B1201D2B20B441A76C7
:100C000000BF0C37BD465DF8047B704700E100E093
:100C100000ED00E080B489B000AFF860B9607A60A0
:100C2000FB6803F00703FB61FB69C3F10703042BB7
:100C300028BF0423BB61FB690433062B02D9FB697F
:100C4000033B00E000237B614FF0FF32BB6902FAF7
:100C500003F3DA43BB681A407B699A404FF0FF31D7
:100C60007B6901FA03F3D9437B680B4013431846B1
:100C70002437BD465DF8047B704780B582B000AF75
:100C800078607868FFF74CFF00BF0837BD4680BD2D
:100C900080B586B000AF0346B9607A60FB7300236D
:100CA0007B61FFF761FF78617A68B9687869FFF75F
:100CB000B1FF024697F90F3011461846FFF780FF43
:100CC00000BF1837BD4680BD80B582B000AF034677
:100CD000FB7197F907301846FFF754FF00BF08373C
:100CE000BD4680BD80B400AFBFF35F8F00BF074B30
:100CF0005B6A064A23F480335362054B00225A6034
:100D000000BFBD465DF8047B704700BF00ED00E00A
:100D100090ED00E080B483B000AF78600B4A7B6850
:100D200043F0010353600A4B5B6A094A43F4803382
:100D30005362BFF34F8F00BFBFF36F8F00BF00BF81
:100D40000C37BD465DF8047B704700BF90ED00E0B6
:100D500000ED00E080B483B000AF78607B685A7823
:100D60001B4B9A601A4B1B69194A23F0010313614C
:100D7000174A7B685B68D3607B681B7B1A077B68BC
:100D8000DB7A1B061A437B689B7ADB041A437B6879
:100D90005B7B9B041A437B689B7B5B041A437B68E9
:100DA000DB7B1B041A437B685B7A1B021A437B685C
:100DB0001B7A5B0013437A6812781146044A0B438E
:100DC000136100BF0C37BD465DF8047B704700BF60
:100DD00090ED00E080B586B000AF78600023FB7531
:100DE0007B68002B01D1012391E27B681B6803F033
:100DF0000103002B00F08780964B9B6803F00C03E7
:100E0000042B0CD0934B9B6803F00C03082B12D1DE
:100E1000904B5B6803F48003B3F5800F0BD18D4BCF
:100E20001B6803F40033002B6CD07B685B68002BDD
:100E300068D101236BE27B685B68B3F5803F06D124
:100E4000844B1B68834A43F4803313602EE07B6835
:100E50005B68002B0CD17F4B1B687E4A23F48033E8
:100E600013607C4B1B687B4A23F4802313601DE0D6
:100E70007B685B68B3F5A02F0CD1764B1B68754A75
:100E800043F480231360734B1B68724A43F480332E
:100E900013600BE06F4B1B686E4A23F480331360C2
:100EA0006C4B1B686B4A23F4802313607B685B6880
:100EB000002B13D001F0C6FE386108E001F0C2FE3D
:100EC00002463B69D31A642B01D903231FE2614B0D
:100ED0001B6803F40033002BF0D014E001F0B2FEE5
:100EE000386108E001F0AEFE02463B69D31A642B7C
:100EF00001D903230BE2574B1B6803F40033002B8B
:100F0000F0D100E000BF7B681B6803F00203002BF8
:100F100069D0504B9B6803F00C03002B0BD04D4B5A
:100F20009B6803F00C03082B1CD14A4B5B6803F44D
:100F30008003002B16D1474B1B6803F00203002BE4
:100F400005D07B68DB68012B01D00123DFE1414B39
:100F50001B6823F0F8027B681B69DB003D491343E3
:100F60000B6040E07B68DB68002B23D0394B1B68AB
:100F7000384A43F00103136001F064FE386108E071
:100F800001F060FE02463B69D31A022B01D903230C
:100F9000BDE1304B1B6803F00203002BF0D02D4B5A
:100FA0001B6823F0F8027B681B69DB0029491343A7
:100FB0000B6018E0274B1B68264A23F001031360DF
:100FC00001F040FE386108E001F03CFE02463B695A
:100FD000D31A022B01D9032399E11E4B1B6803F09E
:100FE0000203002BF0D17B681B6803F00803002B81
:100FF00038D07B685B69002B19D0164B5B6F154AA4
:1010000043F00103536701F01DFE386108E001F071
:1010100019FE02463B69D31A022B01D9032376E15C
:101020000C4B5B6F03F00203002BF0D01AE0094B6E
:101030005B6F084A23F00103536701F003FE386138
:101040000AE001F0FFFD02463B69D31A022B03D9E7
:1010500003235CE100380240914B5B6F03F0020315
:10106000002BEED17B681B6803F00403002B00F01B
:10107000A4808B4B1B6C03F08053002B0DD1884B4D
:101080001B6C874A43F080531364854B1B6C03F041
:101090008053BB60BB680123FB75824B1B6803F464
:1010A0008073002B18D17F4B1B687E4A43F48073FA
:1010B000136001F0C7FD386108E001F0C3FD02468E
:1010C0003B69D31A642B01D9032320E1754B1B68BC
:1010D00003F48073002BF0D07B689B68012B06D152
:1010E0006F4B1B6F6E4A43F0010313672DE07B6863
:1010F0009B68002B0CD16A4B1B6F694A23F00103DC
:101100001367674B1B6F664A23F0040313671CE0E9
:101110007B689B68052B0CD1614B1B6F604A43F0C9
:10112000040313675E4B1B6F5D4A43F001031367B3
:101130000BE05B4B1B6F5A4A23F001031367584BBC
:101140001B6F574A23F0040313677B689B68002BCF
:1011500015D001F077FD38610AE001F073FD024619
:101160003B69D31A41F28832934201D90323CEE07E
:101170004B4B1B6F03F00203002BEED014E001F089
:1011800061FD38610AE001F05DFD02463B69D31A5A
:1011900041F28832934201D90323B8E0404B1B6FE0
:1011A00003F00203002BEED1FB7D012B05D13C4B5C
:1011B0001B6C3B4A23F0805313647B689B69002BB4
:1011C00000F0A480364B9B6803F00C03082B6BD017
:1011D0007B689B69022B49D1314B1B68304A23F055
:1011E0008073136001F02EFD386108E001F02AFDE4
:1011F00002463B69D31A022B01D9032387E0284B0F
:101200001B6803F00073002BF0D17B68DA697B6800
:101210001B6A1A437B685B6A9B011A437B689B6A63
:101220005B08013B1B041A437B68DB6A1B06134304
:101230001B4A43F000535360194B1B68184A43F094
:101240008073136001F0FEFC386108E001F0FAFCE5
:1012500002463B69D31A022B01D9032357E0104BF6
:101260001B6803F00073002BF0D04FE00C4B1B68A1
:101270000B4A23F08073136001F0E4FC386108E04E
:1012800001F0E0FC02463B69D31A022B01D903238B
:101290003DE0034B1B6803F00073002BF0D135E0F9
:1012A00000380240007000401B4B5B68FB607B68AD
:1012B0009B69012B28D0FB6803F480027B68DB6903
:1012C0009A4221D1FB6803F03F027B681B6A9A4275
:1012D0001AD1FA6847F6C07313407A68526A9201CD
:1012E000934211D1FB6803F440327B689B6A5B0830
:1012F000013B1B049A4207D1FB6803F070627B68D4
:10130000DB6A1B069A4201D0012300E00023184645
:101310001837BD4680BD00BF0038024080B584B09C
:1013200000AF786039600023FB607B68002B01D13F
:101330000123D0E06A4B1B6803F00F033A689A421E
:1013400010D9674B1B6823F00F0265493B681343B4
:101350000B60634B1B6803F00F033A689A4201D09D
:101360000123B8E07B681B6803F00203002B20D048
:101370007B681B6803F00403002B05D0594B9B6866
:10138000584A43F4E05393607B681B6803F00803FA
:10139000002B05D0534B9B68524A43F46043936043
:1013A000504B9B6823F0F0027B689B684D491343C8
:1013B0008B607B681B6803F00103002B40D07B68C7
:1013C0005B68012B07D1474B1B6803F40033002BEC
:1013D00015D101237FE07B685B68022B07D1414B6D
:1013E0001B6803F00073002B09D1012373E03D4B10
:1013F0001B6803F00203002B01D101236BE0394B82
:101400009B6823F003027B685B68364913438B605B
:1014100001F018FCF8600AE001F014FC0246FB68D9
:10142000D31A41F28832934201D9032353E02D4B62
:101430009B6803F00C027B685B689B009A42EBD1CF
:10144000274B1B6803F00F033A689A4210D2244BD3
:101450001B6823F00F0222493B6813430B60204BAB
:101460001B6803F00F033A689A4201D0012332E06F
:101470007B681B6803F00403002B08D0194B9B68A2
:1014800023F4E0527B68DB68164913438B607B686A
:101490001B6803F00803002B09D0124B9B6823F450
:1014A00060427B681B69DB000E4913438B6000F0D0
:1014B00021F802460B4B9B681B0903F00F030A49F6
:1014C000CB5C22FA03F3094A1360094B1B681846E8
:1014D00007F036F8002318461037BD4680BD00BF20
:1014E000003C024000380240C4EF00080000002029
:1014F000040000202DE9B04F94B000AF00237B64BE
:101500000023FB6400233B640023BB64794B9B688E
:1015100003F00C03082B0DD0082B00F2E180002B08
:1015200002D0042B03D0DBE0734BBB64DBE0734BD6
:10153000BB64D8E06F4B5B6803F03F037B646D4B8B
:101540005B6803F48003002B63D06A4B5B689B09E4
:101550000022BB63FA63BB6BC3F308033B63002346
:101560007B63D7E90C4522462B464FF000004FF035
:101570000001590141EAD261500102460B46214661
:10158000511A3961294663EB01037B614FF0000278
:101590004FF00003D7E904AB59468B01514643EAAB
:1015A000916351468A015146B2EB0108594663EBFB
:1015B00001094FF000024FF000034FEAC90343EA6C
:1015C00058734FEAC80290469946234618EB030326
:1015D000BB602B4649EB0303FB604FF000024FF06A
:1015E0000003D7E9024529464B02214643EAD1537D
:1015F00021464A02104619467B6C0022BB62FA6201
:10160000D7E90A23FEF704FE02460B461346FB64A5
:1016100058E0384B5B689B09002218461146C0F31E
:1016200008033B6200237B62D7E9088942464B46A8
:101630004FF000004FF00001590141EAD261500122
:1016400002460B464146B2EB010A494663EB010BE9
:101650004FF000024FF000034FEA8B1343EA9A6306
:101660004FEA8A12B2EB0A0463EB0B054FF000025B
:101670004FF00003EB0043EA5473E20014461D46AA
:101680004346E3183B604B4645EB03037B604FF05A
:1016900000024FF00003D7E9004529468B0221469E
:1016A00043EA915321468A02104619467B6C002278
:1016B000BB61FA61D7E90623FEF7AAFD02460B4695
:1016C0001346FB640B4B5B681B0C03F003030133F5
:1016D0005B003B64FA6C3B6CB2FBF3F3BB6402E06F
:1016E000054BBB6400BFBB6C18465037BD46BDE818
:1016F000B08F00BF003802400024F40000127A00CE
:1017000080B400AF034B1B681846BD465DF8047BF0
:10171000704700BF0000002080B500AFFFF7F0FF6A
:101720000246054B9B689B0A03F007030349CB5C09
:1017300022FA03F3184680BD00380240D4EF0008B7
:1017400080B500AFFFF7DCFF0246054B9B685B0BE3
:1017500003F007030349CB5C22FA03F3184680BD6C
:1017600000380240D4EF000880B483B000AF786046
:1017700039607B680F221A60124B9B6803F00302EA
:101780007B685A600F4B9B6803F0F0027B689A609D
:101790000C4B9B6803F4E0527B68DA60094B9B6852
:1017A000DB0803F4E0527B681A61074B1B6803F007
:1017B0000F023B681A6000BF0C37BD465DF8047B22
:1017C000704700BF00380240003C024080B588B03E
:1017D00000AF786000237B6100233B610023FB6046
:1017E0000023FB610023BB617B681B6803F00103DE
:1017F000002B12D0694B9B68684A23F40003936066
:10180000664B9A687B685B6B644913438B607B68AB
:101810005B6B002B01D10123FB617B681B6803F428
:101820000023002B17D05D4BD3F88C3023F44012EB
:101830007B68DB6B59491343C1F88C307B68DB6BE9
:10184000B3F5801F01D10123FB617B68DB6B002BAB
:1018500001D10123BB617B681B6803F48013002B5B
:1018600017D04E4BD3F88C3023F440027B681B6CAE
:101870004A491343C1F88C307B681B6CB3F5800F69
:1018800001D10123FB617B681B6C002B01D101237B
:10189000BB617B681B6803F08073002B01D00123C0
:1018A000FB617B681B6803F02003002B00F08B803A
:1018B0003A4B1B6C394A43F080531364374B1B6C13
:1018C00003F08053BB60BB68354B1B68344A43F45C
:1018D0008073136001F0B6F9786108E001F0B2F9A5
:1018E00002467B69D31A642B01D9032357E32C4B9F
:1018F0001B6803F48073002BF0D0284B1B6F03F49C
:1019000040733B613B69002B35D07B681B6B03F454
:1019100040733A699A422ED0204B1B6F23F44073D8
:101920003B611E4B1B6F1D4A43F4803313671B4BF7
:101930001B6F1A4A23F480331367184A3B691367F5
:10194000164B1B6F03F00103012B14D101F07AF940
:1019500078610AE001F076F902467B69D31A41F218
:101960008832934201D9032319E30C4B1B6F03F018
:101970000203002BEED07B681B6B03F44073B3F5BE
:10198000407F11D1054B9B6823F4F8127B68196BDB
:10199000044B0B40014913438B600BE000380240BD
:1019A00000700040FFFCFF0FAA4B9B68A94A23F47C
:1019B000F8139360A74B1A6F7B681B6BC3F30B0381
:1019C000A44913430B677B681B6803F01003002BCB
:1019D00010D0A04BD3F88C309E4A23F08073C2F80D
:1019E0008C309C4BD3F88C207B689B6B99491343BC
:1019F000C1F88C307B681B6803F48043002B0AD04D
:101A0000944BD3F8903023F440327B685B6E91495D
:101A10001343C1F890307B681B6803F40043002B2C
:101A20000AD08C4BD3F8903023F440227B689B6E15
:101A300088491343C1F890307B681B6803F48033F6
:101A4000002B0AD0834BD3F8903023F440127B68EC
:101A5000DB6E80491343C1F890307B681B6803F448
:101A60000033002B0AD07B4BD3F8903023F4400294
:101A70007B681B6F77491343C1F890307B681B6804
:101A800003F04003002B0AD0724BD3F8903023F0C0
:101A900003027B685B6C6F491343C1F890307B682D
:101AA0001B6803F08003002B0AD06A4BD3F89030F8
:101AB00023F00C027B689B6C66491343C1F890309D
:101AC0007B681B6803F48073002B0AD0614BD3F84A
:101AD000903023F030027B68DB6C5E491343C1F821
:101AE00090307B681B6803F40073002B0AD0594BBD
:101AF000D3F8903023F0C0027B681B6D5549134327
:101B0000C1F890307B681B6803F48063002B0AD017
:101B1000504BD3F8903023F440727B685B6D4D4995
:101B20001343C1F890307B681B6803F40063002BFB
:101B30000AD0484BD3F8903023F440627B689B6D09
:101B400044491343C1F890307B681B6803F4805309
:101B5000002B0AD03F4BD3F8903023F440527B68DF
:101B6000DB6D3C491343C1F890307B681B6803F47C
:101B70000053002B0AD0374BD3F8903023F4404267
:101B80007B681B6E33491343C1F890307B681B6838
:101B900003F48003002B0AD02E4BD3F8903023F0AF
:101BA00080627B689B6F2B491343C1F890307B6840
:101BB0001B6803F40013002B11D0264BD3F8903090
:101BC00023F000627B68DB6F22491343C1F8903039
:101BD0007B68DB6FB3F1006F01D10123BB617B68D0
:101BE0001B6803F00803002B01D00123BB617B6855
:101BF0001B6803F48023002B0AD0164BD3F89030D7
:101C000023F040727B685B6F12491343C1F8903038
:101C10007B681B6803F40003002B0BD00D4BD3F83B
:101C2000903023F080527B68D3F880300949134309
:101C3000C1F89030FB69012B06D07B681B6803F06C
:101C40000073002B00F0D980024B1B68014A23F07F
:101C5000806301E000380240136000F0F3FF786118
:101C600008E000F0EFFF02467B69D31A642B01D92C
:101C7000032394E16C4B1B6803F00063002BF0D14D
:101C80007B681B6803F00103002B21D07B685B6B32
:101C9000002B1DD1644BD3F884301B0C03F00303DD
:101CA0003B61614BD3F884301B0E03F00F03FB60E4
:101CB0007B685B689A013B691B041A43FB681B063F
:101CC0001A437B689B681B0757491343C1F884304C
:101CD0007B681B6803F40023002B04D07B68DB6B5C
:101CE000B3F5801F0AD07B681B6803F48013002BB8
:101CF0002ED07B681B6CB3F5800F29D14A4BD3F8EB
:101D000084301B0C03F003033B61474BD3F8843052
:101D10001B0F03F00703FB607B685B689A013B695C
:101D20001B041A437B68DB681B061A43FB681B070E
:101D30003D491343C1F884303B4BD3F88C3023F03A
:101D40001F027B685B6A013B37491343C1F88C3043
:101D50007B681B6803F08073002B1DD0324BD3F8D7
:101D600084301B0E03F00F033B612F4BD3F88430FC
:101D70001B0F03F00703FB607B685B689A017B68BD
:101D80001B691B041A433B691B061A43FB681B07AC
:101D900025491343C1F884307B681B6803F0007346
:101DA000002B11D07B685B689A017B681B691B0460
:101DB0001A437B68DB681B061A437B689B681B071A
:101DC00019491343C1F88430174B1B68164A43F076
:101DD0008063136000F036FF786108E000F032FFA6
:101DE00002467B69D31A642B01D90323D7E00E4B3B
:101DF0001B6803F00063002BF0D0BB69012B40F09F
:101E0000CD80094B1B68084A23F08053136000F013
:101E100019FF78610AE000F015FF02467B69D31ACA
:101E2000642B03D90323BAE0003802405E4B1B68E1
:101E300003F00053B3F1005FEDD07B681B6803F43F
:101E40000023002B03D07B68DB6B002B09D07B6861
:101E50001B6803F48013002B2ED07B681B6C002BB7
:101E60002AD1514BD3F888301B0C03F003033B619C
:101E70004D4BD3F888301B0F03F00703FB607B68E2
:101E80005B699A013B691B041A437B689B691B06CB
:101E90001A43FB681B0744491343C1F88830424B7F
:101EA000D3F88C3023F4F8527B689B6A013B1B0209
:101EB0003D491343C1F88C307B681B6803F4001361
:101EC000002B22D07B68DB6FB3F1006F1DD1364B46
:101ED000D3F888301B0E03F00F033B61324BD3F86D
:101EE00088301B0F03F00703FB607B685B699A0176
:101EF0007B681B6A1B041A433B691B061A43FB6879
:101F00001B0729491343C1F888307B681B6803F01D
:101F10000803002B28D0244BD3F888301B0E03F085
:101F20000F033B61204BD3F888301B0C03F00303F5
:101F3000FB607B685B699A01FB681B041A433B6981
:101F40001B061A437B68DB691B0717491343C1F85B
:101F50008830154BD3F88C3023F440327B68DB6A31
:101F600011491343C1F88C300F4B1B680E4A43F0E4
:101F70008053136000F066FE786108E000F062FEB6
:101F800002467B69D31A642B01D9032307E0064B71
:101F90001B6803F00053B3F1005FEFD10023184634
:101FA0002037BD4680BD00BF0038024080B489B0F4
:101FB00000AF786039600023FB6100237B61002360
:101FC0003B610023BB610023FB6175E10122FB69DA
:101FD00002FA03F37B613B681B687A6913403B613B
:101FE0003A697B699A4240F064813B685B6803F020
:101FF0000303012B05D03B685B6803F00303022B4E
:1020000030D17B689B68BB61FB695B00032202FAED
:1020100003F3DB43BA691340BB613B68DA68FB69D1
:102020005B0002FA03F3BA691343BB617B68BA69C8
:102030009A607B685B68BB610122FB6902FA03F36B
:10204000DB43BA691340BB613B685B681B0903F063
:102050000102FB6902FA03F3BA691343BB617B68AF
:10206000BA695A603B685B6803F00303032B17D01F
:102070007B68DB68BB61FB695B00032202FA03F348
:10208000DB43BA691340BB613B689A68FB695B003C
:1020900002FA03F3BA691343BB617B68BA69DA6079
:1020A0003B685B6803F00303022B23D1FB69DA086A
:1020B0007B68083253F82230BB61FB6903F00703E9
:1020C0009B000F2202FA03F3DB43BA691340BB61A2
:1020D0003B681A69FB6903F007039B0002FA03F3EC
:1020E000BA691343BB61FB69DA087B680832B969D6
:1020F00043F822107B681B68BB61FB695B0003220D
:1021000002FA03F3DB43BA691340BB613B685B68C7
:1021100003F00302FB695B0002FA03F3BA6913439D
:10212000BB617B68BA691A603B685B6803F4403343
:10213000002B00F0BE80664B5B6C654A43F4804325
:102140005364634B5B6C03F48043FB60FB68614A40
:10215000FB699B08023352F82330BB61FB6903F033
:1021600003039B000F2202FA03F3DB43BA69134017
:10217000BB617B68584A934237D07B68574A934289
:1021800031D07B68564A93422BD07B68554A9342A4
:1021900025D07B68544A93421FD07B68534A9342B0
:1021A00019D07B68524A934213D07B68514A9342BC
:1021B0000DD07B68504A934207D07B684F4A9342C8
:1021C00001D1092312E00A2310E008230EE00723BF
:1021D0000CE006230AE0052308E0042306E00323BD
:1021E00004E0022302E0012300E00023FA6902F088
:1021F000030292009340BA691343BB613549FB69FE
:102200009B080233BA6941F823203D4B9B68BB61B0
:102210003B69DB43BA691340BB613B685B6803F40D
:102220008013002B03D0BA693B691343BB61344A66
:10223000BB699360324BDB68BB613B69DB43BA69C6
:102240001340BB613B685B6803F40013002B03D0B1
:10225000BA693B691343BB61294ABB69D360284B08
:102260005B68BB613B69DB43BA691340BB613B6898
:102270005B6803F40033002B03D0BA693B69134356
:10228000BB611F4ABB6953601D4B1B68BB613B6947
:10229000DB43BA691340BB613B685B6803F480337E
:1022A000002B03D0BA693B691343BB61144ABB6975
:1022B0001360FB690133FB61FB690F2B7FF686AE70
:1022C00000BF00BF2437BD465DF8047B704700BFE8
:1022D0000038024000380140000002400004024083
:1022E00000080240000C02400010024000140240AE
:1022F00000180240001C024000200240002402405E
:10230000003C014080B485B000AF78600B467B8014
:102310007B681A697B881340002B02D00123FB7372
:1023200001E00023FB73FB7B18461437BD465DF8C4
:10233000047B704780B586B000AF786000237B6176
:1023400000F080FC38617B68002B01D1012399E00B
:102350007B68022283F835207B68002283F83420D2
:102360007B681B681A687B681B6822F001021A6090
:102370000FE000F067FC02463B69D31A052B08D931
:102380007B6820225A657B68032283F8352003236B
:1023900078E07B681B681B6803F00103002BE8D121
:1023A0007B681B681B687B617A69384B13407B61D3
:1023B0007B685A687B689B681A437B68DB681A43B2
:1023C0007B681B691A437B685B691A437B689B695E
:1023D0001A437B68DB691A437B681B6A13437A697B
:1023E00013437B617B685B6A042B07D17B68DA6AE5
:1023F0007B681B6B13437A6913437B617B681B68A3
:102400007A691A607B681B685B697B617B6923F072
:1024100007037B617B685B6A7A6913437B617B6836
:102420005B6A042B17D17B689B6A7A6913437B61D3
:102430007B68DB6A002B0ED0786800F015FB034642
:10244000002B08D07B6840225A657B68002283F805
:102450003520012316E07B681B687A695A61786829
:1024600000F0CCFA0346FB607B68DB6D3F229A40AC
:10247000FB689A607B6800225A657B68012283F8BA
:102480003520002318461837BD4680BD3F8010F028
:1024900080B586B000AFF860B9607A603B60002319
:1024A000FB75FB689B6D3B61FB6893F83430012B37
:1024B00001D1022348E0FB68012283F83420FB6845
:1024C00093F83530DBB2012B37D1FB68022283F859
:1024D0003520FB6800225A653B687A68B968F8685D
:1024E00000F05EFAFB68DB6D3F229A403B699A6020
:1024F000FB681B681A68FB681B6842F016021A60CA
:10250000FB681B685A69FB681B6842F080025A61CD
:10251000FB681B6C002B07D0FB681B681A68FB6804
:102520001B6842F008021A60FB681B681A68FB68A7
:102530001B6842F001021A6005E0FB68002283F884
:1025400034200223FB75FB7D18461837BD4680BD3D
:1025500080B584B000AF78607B689B6DFB6000F055
:1025600071FBB8607B6893F83530DBB2022B08D082
:102570007B6880225A657B68002283F8342001231F
:1025800052E07B681B681A687B681B6822F01602A1
:102590001A607B681B685A697B681B6822F080029E
:1025A0005A617B681B6C002B03D17B689B6C002BF2
:1025B00007D07B681B681A687B681B6822F00802DA
:1025C0001A607B681B681A687B681B6822F001022E
:1025D0001A6013E000F036FB0246BB68D31A052BE5
:1025E0000CD97B6820225A657B68032283F835204A
:1025F0007B68002283F83420032315E07B681B6886
:102600001B6803F00103002BE4D17B68DB6D3F22E4
:102610009A40FB689A607B68012283F835207B68CA
:10262000002283F83420002318461037BD4680BDB1
:1026300080B483B000AF78607B6893F83530DBB24C
:10264000022B04D07B6880225A6501230CE07B6852
:10265000052283F835207B681B681A687B681B6835
:1026600022F001021A60002318460C37BD465DF8BF
:10267000047B704780B586B000AF78600023BB60F4
:102680008E4B1B688E4AA2FB03239B0A7B617B68EF
:102690009B6D3B613B691B68FB607B68DB6D0822BF
:1026A0009A40FB681340002B1AD07B681B681B689C
:1026B00003F00403002B13D07B681B681A687B6847
:1026C0001B6822F004021A607B68DB6D08229A40C6
:1026D0003B699A607B685B6D43F001027B685A65D9
:1026E0007B68DB6D01229A40FB681340002B12D0FF
:1026F0007B681B685B6903F08003002B0BD07B6851
:10270000DB6D01229A403B699A607B685B6D43F008
:1027100002027B685A657B68DB6D04229A40FB6885
:102720001340002B12D07B681B681B6803F0020368
:10273000002B0BD07B68DB6D04229A403B699A60CA
:102740007B685B6D43F004027B685A657B68DB6DD8
:1027500010229A40FB681340002B43D07B681B6813
:102760001B6803F00803002B3CD07B68DB6D102254
:102770009A403B699A607B681B681B6803F480235E
:10278000002B18D07B681B681B6803F40023002B08
:1027900008D17B681B6C002B24D07B681B6C78688D
:1027A00098471FE07B689B6C002B1BD07B689B6C61
:1027B0007868984716E07B681B681B6803F4807391
:1027C000002B07D17B681B681A687B681B6822F0A6
:1027D00008021A607B681B6C002B03D07B681B6CA3
:1027E000786898477B68DB6D20229A40FB6813402D
:1027F000002B00F08F807B681B681B6803F01003C0
:10280000002B00F087807B68DB6D20229A403B69BB
:102810009A607B6893F83530DBB2052B36D17B6844
:102820001B681A687B681B6822F016021A607B68B6
:102830001B685A697B681B6822F080025A617B68BA
:102840001B6C002B03D17B689B6C002B07D07B6833
:102850001B681A687B681B6822F008021A607B6894
:10286000DB6D3F229A403B699A607B68012283F8C6
:1028700035207B68002283F834207B681B6D002B99
:102880007ED07B681B6D7868984779E07B681B6811
:102890001B6803F48023002B1DD07B681B681B681A
:1028A00003F40023002B0DD17B685B6C002B31D02F
:1028B0007B685B6C786898472CE000BF00000020C4
:1028C000B5814E1B7B68DB6B002B23D07B68DB6BF9
:1028D000786898471EE07B681B681B6803F4807368
:1028E000002B0FD17B681B681A687B681B6822F07D
:1028F00010021A607B68012283F835207B68002271
:1029000083F834207B68DB6B002B03D07B68DB6BA8
:10291000786898477B685B6D002B32D07B685B6D75
:1029200003F00103002B22D07B68052283F83520B9
:102930007B681B681A687B681B6822F001021A60BA
:10294000BB680133BB607A699A4207D37B681B6816
:102950001B6803F00103002BF2D100E000BF7B688D
:10296000012283F835207B68002283F834207B68BD
:10297000DB6C002B05D07B68DB6C7868984700E047
:1029800000BF1837BD4680BD80B483B000AF78600B
:102990007B685B6D18460C37BD465DF8047B70475D
:1029A00080B485B000AFF860B9607A603B60FB68C6
:1029B0001B681A68FB681B6822F480221A60FB6897
:1029C0001B683A685A60FB689B68402B08D1FB681B
:1029D0001B687A689A60FB681B68BA68DA6007E06F
:1029E000FB681B68BA689A60FB681B687A68DA60E3
:1029F00000BF1437BD465DF8047B704780B485B0D6
:102A000000AF78607B681B68DBB2103B134AA2FB07
:102A100003231B09FB60124AFB6813441B781A4608
:102A20007B68DA65FB68032B08D97B681B681A464C
:102A30000C4B13401A1D7B689A6506E07B681B6887
:102A40001A46084B13407A6893657B689B6D18465D
:102A50001437BD465DF8047B704700BFABAAAAAA35
:102A6000DCEF000800FCFFFF80B485B000AF7860A9
:102A70000023FB737B689B6ABB607B689B69002BB0
:102A80001FD1BB68032B56D801A252F823F000BF18
:102A9000A12A0008B32A0008A12A0008372B000841
:102AA0007B68DB6A03F08073002B46D00123FB7345
:102AB00043E07B68DB6AB3F1C07F40D10123FB7345
:102AC0003DE07B689B69B3F5005F21D1BB68032BB8
:102AD00037D801A252F823F0E92A0008EF2A0008AB
:102AE000E92A0008012B00080123FB7330E07B6812
:102AF000DB6A03F08073002B25D00123FB7322E0F7
:102B00007B68DB6AB3F1C07F1FD10123FB731CE03C
:102B1000BB68022B03D9BB68032B03D018E0012349
:102B2000FB7315E07B68DB6A03F08073002B0ED02B
:102B30000123FB730BE000BF0AE000BF08E000BF09
:102B400006E000BF04E000BF02E000BF00E000BFFD
:102B5000FB7B18461437BD465DF8047B704700BF09
:102B600080B582B000AF00237B60234B1B6C224AF0
:102B700043F080531364204B1B6C03F080533B6085
:102B80003B681E4B1B681D4A43F48033136000F002
:102B900059F8786009E000F055F802467B68D31ACE
:102BA000B3F57A7F01D9032322E0144B5B6803F469
:102BB0008033B3F5803FEED1104B1B680F4A43F4CE
:102BC0000033136000F03EF8786009E000F03AF856
:102BD00002467B68D31AB3F57A7F01D9032307E055
:102BE000064B5B6803F40033B3F5003FEED10023DE
:102BF00018460837BD4680BD0038024000700040CE
:102C000080B500AF0320FEF738F80F2005F098FCE0
:102C100005F06EFC0023184680BD000080B400AFB4
:102C2000064B1B781A46064B1B681344044A136074
:102C300000BFBD465DF8047B704700BF0800002060
:102C4000BC00002080B400AF034B1B681846BD4693
:102C50005DF8047B704700BFBC00002080B582B0E7
:102C600000AF78607B68002B01D1012340E07B68D6
:102C7000DB6F002B06D17B68002283F87820786810
:102C800005F0BAF87B682422DA677B681B681A684B
:102C90007B681B6822F001021A607B685B6A002B6C
:102CA00002D0786800F0AAFF786800F043FD034680
:102CB000012B01D101231BE07B681B685A687B68EC
:102CC0001B6822F490425A607B681B689A687B6894
:102CD0001B6822F02A029A607B681B681A687B686E
:102CE0001B6842F001021A60786801F029F8034677
:102CF00018460837BD4680BD80B48BB000AFF86081
:102D0000B9601346FB80FB68DB6F202B47D1BB68A3
:102D1000002B02D0FB88002B01D1012340E0FB688F
:102D2000BA68DA64FB68FA88A3F85020FB68FA886E
:102D3000A3F85220FB680022DA66FB680022C3F881
:102D40008420FB682122DA67FB689B68B3F5805F0B
:102D500007D1FB681B69002B03D1FB68134ADA66B5
:102D600002E0FB68124ADA66FB681B687B617B69DC
:102D700053E8003F3B613B6943F080037B62FB68A3
:102D80001B681A467B6A3B62FA61F9693A6A41E854
:102D90000023BB61BB69002BE6D1002300E00223C6
:102DA00018462C37BD465DF8047B70478346000803
:102DB000CD45000880B58AB000AFF860B960134611
:102DC000FB80FB68D3F88030202B32D1BB68002B0E
:102DD00002D0FB88002B01D101232BE0FB680022ED
:102DE0001A66FB681B685B6803F40003002B18D0AD
:102DF000FB681B687B617B6953E8003F3B613B6973
:102E000043F080637B62FB681B681A467B6A3B6207
:102E1000FA61F9693A6A41E80023BB61BB69002B9A
:102E2000E6D1FB881A46B968F86801F04DF8034608
:102E300000E0022318462837BD4680BD80B58AB021
:102E400000AFF860B9601346FB80FB68DB6F202B96
:102E500065D1BB68002B02D0FB88002B01D1012378
:102E60005EE0FB68BA68DA64FB68FA88A3F8502071
:102E7000FB68FA88A3F85220FB680022C3F884207C
:102E8000FB682122DA67FB681B6F002B27D0FB68E9
:102E90001B6F254ADA63FB681B6F244A1A64FB68C0
:102EA0001B6F234ADA64FB681B6F00221A65FB68FC
:102EB000186FFB68DB6C1946FB681B6828331A46E1
:102EC000FB88FFF7E5FA0346002B08D0FB681022C9
:102ED000C3F88420FB682022DA67012320E0FB6826
:102EE0001B6840221A62FB681B6808337B617B69A0
:102EF00053E8003F3B613B6943F080037B62FB6822
:102F00001B6808337A6A3A62FB61F9693A6A41E8F8
:102F10000023BB61BB69002BE5D1002300E0022345
:102F200018462837BD4680BDA94200083F43000827
:102F30002B45000880B58AB000AFF860B960134631
:102F4000FB80FB68D3F88030202B32D1BB68002B8C
:102F500002D0FB88002B01D101232BE0FB6800226B
:102F60001A66FB681B685B6803F40003002B18D02B
:102F7000FB681B687B617B6953E8003F3B613B69F1
:102F800043F080637B62FB681B681A467B6A3B6286
:102F9000FA61F9693A6A41E80023BB61BB69002B19
:102FA000E6D1FB881A46B968F86801F053F8034681
:102FB00000E0022318462837BD4680BD80B59AB090
:102FC00000AF78607B681B68BB64BB6C53E8003F54
:102FD0007B647B6C23F490737B667B681B681A466A
:102FE0007B6E7B653A65396D7A6D41E80023FB6441
:102FF000FB6C002BE6D17B681B6808337B637B6B23
:1030000053E8003F3B633B6B23F001033B667B6867
:103010001B6808333A6E3A64FB63F96B3A6C41E81B
:103020000023BB63BB6B002BE5D17B681B6E012BC0
:1030300018D17B681B683B623B6A53E8003FFB6129
:10304000FB6923F01003FB657B681B681A46FB6D68
:10305000FB62BA62B96AFA6A41E800237B627B6A62
:10306000002BE6D17B681B689B6803F04003402B74
:1030700037D17B681B680833FB60FB6853E8003F6F
:10308000BB60BB6823F04003BB657B681B680833EB
:10309000BA6DBA617B617969BA6941E800233B6125
:1030A0003B69002BE5D17B685B6F002B19D07B68F7
:1030B0005B6F00221A657B685B6F1846FFF748FA62
:1030C0000346002B0DD07B685B6F1846FFF75CFC56
:1030D0000346202B05D17B681022C3F884200323EC
:1030E00017E07B680022A3F85A207B681B680F2238
:1030F0001A627B681B689A697B681B6842F0080249
:103100009A617B682022C3F880207B6800221A66BF
:10311000002318466837BD4680BD000080B5BAB0B0
:1031200000AF78607B681B68DB69C7F8E4307B68B8
:103130001B681B68C7F8E0307B681B689B68C7F892
:10314000DC30D7F8E42040F60F031340C7F8D8303E
:10315000D7F8D830002B15D1D7F8E43003F020038E
:10316000002B0FD0D7F8E03003F02003002B09D05C
:103170007B689B6E002B00F0B1827B689B6E786849
:103180009847ABE2D7F8D830002B00F01781D7F87A
:10319000DC3003F00103002B06D1D7F8E020854B8B
:1031A0001340002B00F00A81D7F8E43003F001034C
:1031B000002B11D0D7F8E03003F48073002B0BD034
:1031C0007B681B6801221A627B68D3F8843043F065
:1031D00001027B68C3F88420D7F8E43003F00203CF
:1031E000002B11D0D7F8DC3003F00103002B0BD0FB
:1031F0007B681B6802221A627B68D3F8843043F034
:1032000004027B68C3F88420D7F8E43003F0040399
:10321000002B11D0D7F8DC3003F00103002B0BD0CA
:103220007B681B6804221A627B68D3F8843043F001
:1032300002027B68C3F88420D7F8E43003F0080367
:10324000002B17D0D7F8E03003F02003002B05D176
:10325000D7F8DC3003F00103002B0BD07B681B6830
:1032600008221A627B68D3F8843043F008027B6836
:10327000C3F88420D7F8E43003F40063002B12D0A5
:10328000D7F8E03003F08063002B0CD07B681B681C
:103290004FF400621A627B68D3F8843043F0200256
:1032A0007B68C3F884207B68D3F88430002B00F05F
:1032B0001782D7F8E43003F02003002B0DD0D7F8A5
:1032C000E03003F02003002B07D07B689B6E002BBF
:1032D00003D07B689B6E786898477B68D3F884300E
:1032E000C7F8D4307B681B689B6803F04003402B11
:1032F00005D0D7F8D43003F02803002B4FD07868DE
:1033000000F06EFF7B681B689B6803F04003402B56
:1033100041D17B681B680833C7F89C30D7F89C30D4
:1033200053E8003FC7F89830D7F8983023F04003AF
:10333000C7F8D0307B681B680833D7F8D020C7F8AF
:10334000A820C7F8A430D7F8A410D7F8A82041E8DF
:103350000023C7F8A030D7F8A030002BD9D17B6864
:103360005B6F002B13D07B685B6F134A1A657B6819
:103370005B6F1846FFF75CF90346002B17D07B689C
:103380005B6F1B6D7A68526F104698470FE0786844
:1033900007F0C2FA0BE0786807F0BEFA07E0786839
:1033A00007F0BAFA7B680022C3F8842098E100BFD6
:1033B00096E100BF20010004A94500087B681B6E50
:1033C000012B40F06681D7F8E43003F01003002BA6
:1033D00000F05F81D7F8E03003F01003002B00F01D
:1033E00058817B681B6810221A627B681B689B6887
:1033F00003F04003402B40F0D0807B685B6F1B687C
:103400005B68A7F8BE30B7F8BE30002B00F0AB8089
:103410007B68B3F85830B7F8BE209A4280F0A3809A
:103420007B68B7F8BE20A3F85A207B685B6FDB6926
:10343000B3F5807F00F086807B681B68C7F8883012
:10344000D7F8883053E8003FC7F88430D7F8843085
:1034500023F48073C7F8B8307B681B681A46D7F826
:10346000B830C7F89430C7F89020D7F89010D7F844
:10347000942041E80023C7F88C30D7F88C30002B1B
:10348000DAD17B681B6808337B677B6F53E8003FAA
:103490003B673B6F23F00103C7F8B4307B681B68C0
:1034A0000833D7F8B420C7F88020FB67F96FD7F846
:1034B000802041E80023BB67BB6F002BE1D17B6814
:1034C0001B6808333B663B6E53E8003FFB65FB6DB2
:1034D00023F04003C7F8B0307B681B680833D7F887
:1034E000B020FA66BB66B96EFA6E41E800237B66CF
:1034F0007B6E002BE3D17B682022C3F880207B68A1
:1035000000221A667B681B68FB64FB6C53E8003F73
:10351000BB64BB6C23F01003C7F8AC307B681B683E
:103520001A46D7F8AC30BB657A65796DBA6D41E85B
:1035300000233B653B6D002BE4D17B685B6F184635
:10354000FFF706F87B6802225A667B68B3F85820BA
:103550007B68B3F85A309BB2D31A9BB2194678688D
:1035600000F0DCF8BEE07B68B3F85830B7F8BE2056
:103570009A4240F0B7807B685B6FDB69B3F5807F70
:1035800040F0B0807B6802225A667B68B3F85830FE
:103590001946786800F0C2F8A4E07B68B3F85820B8
:1035A0007B68B3F85A309BB2D31AA7F8CE307B6849
:1035B000B3F85A309BB2002B00F09680B7F8CE30AB
:1035C000002B00F091807B681B68BB63BB6B53E8EA
:1035D000003F7B637B6B23F49073C7F8C8307B6834
:1035E0001B681A46D7F8C8307B643A64396C7A6C29
:1035F00041E80023FB63FB6B002BE4D17B681B6875
:1036000008337B627B6A53E8003F3B623B6A23F0EE
:103610000103C7F8C4307B681B680833D7F8C4209F
:103620003A63FB62F96A3A6B41E80023BB62BB6A0A
:10363000002BE3D17B682022C3F880207B68002226
:103640001A667B6800229A667B681B683B613B694F
:1036500053E8003FFB60FB6823F01003C7F8C0305D
:103660007B681B681A46D7F8C030FB61BA61B9693C
:10367000FA6941E800237B617B69002BE4D17B6818
:1036800002225A66B7F8CE301946786800F046F83C
:103690002AE0D7F8E43003F08003002B0ED0D7F8EF
:1036A000E03003F08003002B08D07B68DB6E002B3A
:1036B0001CD07B68DB6E7868984717E0D7F8E43059
:1036C00003F04003002B12D0D7F8E03003F04003A2
:1036D000002B0CD0786801F034F808E000BF06E059
:1036E00000BF04E000BF02E000BF00E000BFE83719
:1036F000BD4680BD80B483B000AF786000BF0C379A
:10370000BD465DF8047B704780B483B000AF78603D
:1037100000BF0C37BD465DF8047B704780B483B0B2
:1037200000AF78600B467B8000BF0C37BD465DF86C
:10373000047B704780B588B000AF78600023BB770A
:103740007B689A687B681B691A437B685B691A43CC
:103750007B68DB6913437B617B681B681A68A64B37
:1037600013407A68126879690B4313607B681B68A1
:103770005B6823F440517B68DA687B681B680A4306
:103780005A607B689B697B617B681B6A7A6913431B
:103790007B617B681B689B6823F430617B681B68D6
:1037A0007A690A439A607B681B68944A934220D1E5
:1037B000934BD3F8903003F00303032B16D801A2E8
:1037C00052F823F0D5370008E1370008DB3700084E
:1037D000E73700080123FB7750E10223FB774DE137
:1037E0000423FB774AE10823FB7747E11023FB77AB
:1037F00044E17B681B68834A934232D1804BD3F803
:10380000903003F00C030C2B28D801A252F823F0BF
:10381000453800085D3800085D3800085D3800084C
:10382000513800085D3800085D3800085D38000830
:103830004B3800085D3800085D3800085D38000826
:10384000573800080023FB7718E10223FB7715E1C6
:103850000423FB7712E10823FB770FE11023FB77AA
:103860000CE17B681B68684A934220D1644BD3F813
:10387000903003F03003302B13D0302B14D8202B92
:1038800009D0202B10D8002B02D0102B06D00BE033
:103890000023FB77F2E00223FB77EFE00423FB77C2
:1038A000ECE00823FB77E9E01023FB77E6E07B6898
:1038B0001B68564A934220D1514BD3F8903003F005
:1038C000C003C02B13D0C02B14D8802B09D0802B61
:1038D00010D8002B02D0402B06D00BE00023FB7742
:1038E000CCE00223FB77C9E00423FB77C6E0082382
:1038F000FB77C3E01023FB77C0E07B681B68444A7A
:10390000934225D13E4BD3F8903003F44073B3F586
:10391000407F17D0B3F5407F17D8B3F5007F0BD0A9
:10392000B3F5007F11D8002B03D0B3F5807F06D00C
:103930000BE00023FB77A1E00223FB779EE004234A
:10394000FB779BE00823FB7798E01023FB7795E05B
:103950007B681B682F4A934225D1294BD3F89030BE
:1039600003F44063B3F5406F17D0B3F5406F17D839
:10397000B3F5006F0BD0B3F5006F11D8002B03D057
:10398000B3F5806F06D00BE00123FB7776E00223CE
:10399000FB7773E00423FB7770E00823FB776DE08F
:1039A0001023FB776AE07B681B681B4A934238D17F
:1039B000134BD3F8903003F44053B3F5405F17D066
:1039C000B3F5405F2AD8B3F5005F0BD0B3F5005FC5
:1039D00024D8002B03D0B3F5805F06D01EE000236F
:1039E000FB774BE00223FB7748E00423FB7745E0BD
:1039F0000823FB7742E000BFF369FFEF00100140AE
:103A0000003802400044004000480040004C0040A4
:103A10000050004000140140007800401023FB7764
:103A20002CE07B681B68724A934225D1714BD3F816
:103A3000903003F44043B3F5404F17D0B3F5404FF7
:103A400017D8B3F5004F0BD0B3F5004F11D8002BAA
:103A500003D0B3F5804F06D00BE00023FB770DE0D9
:103A60000223FB770AE00423FB7707E00823FB77B8
:103A700004E01023FB7701E01023FB777B68DB6910
:103A8000B3F5004F5BD1FB7F082B28D801A252F879
:103A900023F000BFB93A0008C13A0008C93A00084B
:103AA000DF3A0008CF3A0008DF3A0008DF3A0008A2
:103AB000DF3A0008D73A0008FDF72EFEB86113E0A0
:103AC000FDF73EFEB8610FE04B4BBB610CE0FDF72C
:103AD00011FDB86108E04FF40043BB6104E000232E
:103AE000BB610123BB7700BFBB69002B74D0BB69EE
:103AF0005A007B685B685B081A447B685B68B2FBB2
:103B0000F3F33B613B690F2B16D93B69B3F5803F5B
:103B100012D23B699BB223F00F03FB813B695B0828
:103B20009BB203F007039AB2FB891343FB817B68C6
:103B30001B68FA89DA604FE00123BB774CE0FB7F1A
:103B4000082B28D801A252F823F000BF713B0008CF
:103B5000793B0008813B0008973B0008873B000841
:103B6000973B0008973B0008973B00088F3B0008F5
:103B7000FDF7D2FDB86113E0FDF7E2FDB8610FE09B
:103B80001D4BBB610CE0FDF7B5FCB86108E04FF4DC
:103B90000043BB6104E00023BB610123BB7700BF8E
:103BA000BB69002B18D07B685B685A08BB691A4454
:103BB0007B685B68B2FBF3F33B613B690F2B09D970
:103BC0003B69B3F5803F05D23B699AB27B681B68BD
:103BD000DA6001E00123BB777B6800229A667B688C
:103BE0000022DA66BB7F18462037BD4680BD00BF85
:103BF000007C0040003802400024F40080B483B010
:103C000000AF78607B685B6A03F00803002B0AD082
:103C10007B681B685B6823F400417B685A6B7B6898
:103C20001B680A435A607B685B6A03F00103002B40
:103C30000AD07B681B685B6823F400317B689A6A52
:103C40007B681B680A435A607B685B6A03F0020367
:103C5000002B0AD07B681B685B6823F480317B688B
:103C6000DA6A7B681B680A435A607B685B6A03F008
:103C70000403002B0AD07B681B685B6823F4802157
:103C80007B681A6B7B681B680A435A607B685B6AB7
:103C900003F01003002B0AD07B681B689B6823F499
:103CA00080517B689A6B7B681B680A439A607B68CB
:103CB0005B6A03F02003002B0AD07B681B689B68BB
:103CC00023F400517B68DA6B7B681B680A439A60B7
:103CD0007B685B6A03F04003002B1AD07B681B688B
:103CE0005B6823F480117B681A6C7B681B680A434D
:103CF0005A607B681B6CB3F5801F0AD17B681B6818
:103D00005B6823F4C0017B685A6C7B681B680A43BC
:103D10005A607B685B6A03F08003002B0AD07B68E3
:103D20001B685B6823F400217B689A6C7B681B68C6
:103D30000A435A6000BF0C37BD465DF8047B7047EC
:103D400080B58CB002AF78607B680022C3F8842015
:103D5000FEF778FF78627B681B681B6803F0080336
:103D6000082B2ED16FF07E4300937B6A00224FF424
:103D70000011786800F03BF80346002B21D07B68E7
:103D80001B683B613B6953E8003FFB60FB6823F025
:103D900080033B627B681B681A463B6AFB61BA6121
:103DA000B969FA6941E800237B617B69002BE6D1A0
:103DB0007B682022DA677B68002283F8782003235F
:103DC00011E07B682022DA677B682022C3F880201C
:103DD0007B6800221A667B6800225A667B68002294
:103DE00083F87820002318462837BD4680BD80B56B
:103DF00084B000AFF860B9603B601346FB714FE0E0
:103E0000BB69B3F1FF3F4BD0FEF71CFF02463B6896
:103E1000D31ABA699A4202D3BB69002B01D103239A
:103E20004EE0FB681B681B6803F00403002B37D0CF
:103E3000BB68802B34D0BB68402B31D0FB681B683B
:103E4000DB6903F00803082B10D1FB681B6808220C
:103E50001A62F86800F0C4F9FB680822C3F88420ED
:103E6000FB68002283F87820012329E0FB681B68A7
:103E7000DB6903F40063B3F5006F11D1FB681B68C5
:103E80004FF400621A62F86800F0AAF9FB68202279
:103E9000C3F88420FB68002283F8782003230FE016
:103EA000FB681B68DA69BB681340BA689A420CBFAA
:103EB00001230023DBB21A46FB799A42A0D00023EB
:103EC00018461037BD4680BD80B497B000AFF8608B
:103ED000B9601346FB80FB68BA685A65FB68FA88CC
:103EE000A3F85820FB68FA88A3F85A20FB68002240
:103EF0009A66FB689B68B3F5805F0ED1FB681B690F
:103F0000002B05D1FB6840F2FF12A3F85C202DE0E6
:103F1000FB68FF22A3F85C2028E0FB689B68002B6D
:103F20000DD1FB681B69002B04D1FB68FF22A3F8AD
:103F30005C201BE0FB687F22A3F85C2016E0FB6896
:103F40009B68B3F1805F0DD1FB681B69002B04D126
:103F5000FB687F22A3F85C2008E0FB683F22A3F8FF
:103F60005C2003E0FB680022A3F85C20FB680022D1
:103F7000C3F88420FB682222C3F88020FB681B68FA
:103F80000833FB63FB6B53E8003FBB63BB6B43F041
:103F900001037B65FB681B6808337A6DBA647B6438
:103FA000796CBA6C41E800233B643B6C002BE5D193
:103FB000FB689B68B3F5805F07D1FB681B69002B2A
:103FC00003D1FB68214A9A6602E0FB68204A9A66A0
:103FD000FB681B69002B19D0FB681B68BB62BB6ABE
:103FE00053E8003F7B627B6A43F49073FB64FB6899
:103FF0001B681A46FB6C7B633A63396B7A6B41E84A
:104000000023FB62FB6A002BE6D118E0FB681B680B
:104010007B617B6953E8003F3B613B6943F02003D0
:104020003B65FB681B681A463B6D3B62FA61F969A8
:104030003A6A41E80023BB61BB69002BE6D100234B
:1040400018465C37BD465DF8047B70473F49000861
:104050009747000880B596B000AFF860B960134686
:10406000FB80FB68BA685A65FB68FA88A3F8582099
:10407000FB680022C3F88420FB682222C3F880205A
:10408000FB685B6F002B28D0FB685B6F3E4ADA63EE
:10409000FB685B6F3D4A1A64FB685B6F3C4ADA64FD
:1040A000FB685B6F00221A65FB68586FFB681B6832
:1040B00024331946FB685B6D1A46FB88FEF7E8F966
:1040C0000346002B09D0FB681022C3F88420FB684C
:1040D0002022C3F88020012351E0FB681B69002BDC
:1040E00018D0FB681B68FB63FB6B53E8003FBB63A6
:1040F000BB6B43F480737B65FB681B681A467B6D62
:10410000BB647A64796CBA6C41E800233B643B6C15
:10411000002BE6D1FB681B680833BB62BB6A53E81F
:10412000003F7B627B6A43F001033B65FB681B68D1
:1041300008333A6D7A633B63396B7A6B41E800234D
:10414000FB62FB6A002BE5D1FB681B6808337B61CF
:104150007B6953E8003F3B613B6943F04003FB64EC
:10416000FB681B680833FA6C3A62FB61F9693A6ACA
:1041700041E80023BB61BB69002BE5D10023184651
:104180005837BD4680BD00BF5B430008B9440008F6
:104190002B45000880B489B000AF78607B681B684D
:1041A000FB60FB6853E8003FBB60BB6823F0C003C3
:1041B000FB617B681B681A46FB69BB617A617969A0
:1041C000BA6941E800233B613B69002BE6D17B687B
:1041D0002022DA6700BF2437BD465DF8047B7047B4
:1041E00080B495B000AF78607B681B687B637B6BA5
:1041F00053E8003F3B633B6B23F49073FB647B68A5
:104200001B681A46FB6C3B64FA63F96B3A6C41E835
:104210000023BB63BB6B002BE6D17B681B680833B4
:104220003B623B6A53E8003FFB61FB6923F00103FB
:10423000BB647B681B680833BA6CFA62BB62B96AFC
:10424000FA6A41E800237B627B6A002BE5D17B6838
:104250001B6E012B18D17B681B68FB60FB6853E861
:10426000003FBB60BB6823F010037B647B681B6866
:104270001A467B6CBB617A617969BA6941E80023AF
:104280003B613B69002BE6D17B682022C3F880208C
:104290007B6800221A667B6800229A6600BF54374A
:1042A000BD465DF8047B704780B590B000AF786084
:1042B0007B689B6BFB637B68DB69B3F5807F37D0E2
:1042C000FB6B0022A3F85220FB6B1B6808337B6258
:1042D0007B6A53E8003F3B623B6A23F08003BB6389
:1042E000FB6B1B680833BA6B3A63FB62F96A3A6B83
:1042F00041E80023BB62BB6A002BE5D1FB6B1B6866
:104300003B613B6953E8003FFB60FB6843F04003BF
:104310007B63FB6B1B681A467B6BFB61BA61B969F7
:10432000FA6941E800237B617B69002BE6D102E05A
:10433000F86B06F0D7FA00BF4037BD4680BD80B5A8
:1043400084B000AF78607B689B6BFB60F868FFF718
:10435000D1F900BF1037BD4680BD80B59CB000AF1D
:1043600078607B689B6BFB667B68DB69B3F5807F5D
:1043700071D0FB6E0022A3F85A20FB6E1B68BB6451
:10438000BB6C53E8003F7B647B6C23F48073BB669B
:10439000FB6E1B681A46BB6E7B653A65396D7A6D9C
:1043A00041E80023FB64FB6C002BE6D1FB6E1B682D
:1043B00008337B637B6B53E8003F3B633B6B23F02D
:1043C00001037B66FB6E1B6808337A6E3A64FB63FD
:1043D000F96B3A6C41E80023BB63BB6B002BE5D162
:1043E000FB6E1B6808333B623B6A53E8003FFB618E
:1043F000FB6923F040033B66FB6E1B6808333A6E93
:10440000FA62BB62B96AFA6A41E800237B627B6A9E
:10441000002BE5D1FB6E2022C3F88020FB6E1B6EC3
:10442000012B18D1FB6E1B68FB60FB6853E8003F53
:10443000BB60BB6823F01003FB65FB6E1B681A466C
:10444000FB6DBB617A617969BA6941E800233B6120
:104450003B69002BE6D1FB6E00225A66FB6E1B6E99
:10446000012B22D1FB6E0022A3F85A207B681B6827
:104470005B68A7F85A30FB6EB3F85830B7F85A208B
:104480009A4204D2FB6EB7F85A20A3F85A20FB6E6A
:10449000B3F85820FB6EB3F85A309BB2D31A9BB2D4
:1044A0001946F86EFFF73AF902E0F86E06F04EFA98
:1044B00000BF7037BD4680BD80B584B000AF786066
:1044C0007B689B6BFB60FB6801225A66FB681B6E76
:1044D000012B23D1FB68B3F858305B089AB2FB6814
:1044E000A3F85A207B681B685B687B81FB68B3F884
:1044F00058307A899A4203D8FB687A89A3F85A20FF
:10450000FB68B3F85820FB68B3F85A309BB2D31A53
:104510009BB21946F868FFF701F902E0F868FFF767
:10452000F3F800BF1037BD4680BD80B586B000AF40
:1045300078607B689B6B7B617B69DB6F3B617B6930
:10454000D3F88030FB607B691B689B6803F08003B5
:10455000802B09D13B69212B06D17B690022A3F86E
:1045600052207869FFF716FE7B691B689B6803F091
:104570004003402B09D1FB68222B06D17B69002226
:10458000A3F85A207869FFF72BFE7B69D3F88430B3
:1045900043F010027B69C3F88420786906F0BCF907
:1045A00000BF1837BD4680BD80B584B000AF7860CD
:1045B0007B689B6BFB60FB680022A3F85A20F868BD
:1045C00006F0AAF900BF1037BD4680BD80B48FB099
:1045D00000AF78607B68DB6F212B4CD17B68B3F830
:1045E00052309BB2002B32D17B681B683B623B6A26
:1045F00053E8003FFB61FB6923F080037B637B682A
:104600001B681A467B6BFB62BA62B96AFA6A41E8B8
:1046100000237B627B6A002BE6D17B681B68FB6012
:10462000FB6853E8003FBB60BB6843F040033B635B
:104630007B681B681A463B6BBB617A617969BA6912
:1046400041E800233B613B69002BE6D113E07B6826
:10465000DB6C1A787B681B689A627B68DB6C5A1C7F
:104660007B68DA647B68B3F852309BB2013B9AB244
:104670007B68A3F8522000BF3C37BD465DF8047B41
:10468000704780B491B000AF78607B68DB6F212BFE
:1046900051D17B68B3F852309BB2002B32D17B688A
:1046A0001B687B627B6A53E8003F3B623B6A23F0F6
:1046B0008003BB637B681B681A46BB6B3B63FA6273
:1046C000F96A3A6B41E80023BB62BB6A002BE6D172
:1046D0007B681B683B613B6953E8003FFB60FB68FC
:1046E00043F040037B637B681B681A467B6BFB616E
:1046F000BA61B969FA6941E800237B617B69002BE3
:10470000E6D118E07B68DB6CFB63FB6B1B881A4609
:104710007B681B68C2F308029A627B68DB6C9A1C98
:104720007B68DA647B68B3F852309BB2013B9AB283
:104730007B68A3F8522000BF4437BD465DF8047B78
:10474000704780B588B000AF78607B681B68FB60FD
:10475000FB6853E8003FBB60BB6823F04003FB618C
:104760007B681B681A46FB69BB617A617969BA6923
:1047700041E800233B613B69002BE6D17B682022A6
:10478000DA677B680022DA66786806F0ABF800BF6B
:104790002037BD4680BD80B59CB000AF78607B6897
:1047A000B3F85C30A7F86E307B68D3F88030222BEA
:1047B00040F0B9807B681B685B6AA7F86C30B7F87B
:1047C0006C30D9B2B7F86E30DAB27B685B6D0A40F4
:1047D000D2B21A707B685B6D5A1C7B685A657B6825
:1047E000B3F85A309BB2013B9AB27B68A3F85A20C7
:1047F0007B68B3F85A309BB2002B40F09C807B68FA
:104800001B68FB64FB6C53E8003FBB64BB6C23F488
:104810009073BB667B681B681A46BB6EBB657A6586
:10482000796DBA6D41E800233B653B6D002BE6D105
:104830007B681B680833BB63BB6B53E8003F7B633B
:104840007B6B23F001037B667B681B6808337A6E01
:104850007A643B64396C7A6C41E80023FB63FB6B40
:10486000002BE5D17B682022C3F880207B680022E2
:104870009A667B6800225A667B681B685B6803F453
:104880000003002B18D07B681B687B627B6A53E8AF
:10489000003F3B623B6A23F080633B667B681B689A
:1048A0001A463B6E3B63FA62F96A3A6B41E80023B1
:1048B000BB62BB6A002BE6D17B681B6E012B2ED13D
:1048C0007B6800221A667B681B683B613B6953E882
:1048D000003FFB60FB6823F01003FB657B681B68EF
:1048E0001A46FB6DFB61BA61B969FA6941E80023B8
:1048F0007B617B69002BE6D17B681B68DB6903F079
:104900001003102B03D17B681B6810221A627B688E
:10491000B3F8583019467868FEF700FF0BE0786866
:1049200006F014F807E07B681B689A697B681B68CF
:1049300042F008029A6100BF7037BD4680BD80B565
:104940009CB000AF78607B68B3F85C30A7F86E303D
:104950007B68D3F88030222B40F0B9807B681B68DD
:104960005B6AA7F86C307B685B6DBB66B7F86C2040
:10497000B7F86E3013409AB2BB6E1A807B685B6DDD
:104980009A1C7B685A657B68B3F85A309BB2013B2E
:104990009AB27B68A3F85A207B68B3F85A309BB26E
:1049A000002B40F09C807B681B68BB64BB6C53E8A9
:1049B000003F7B647B6C23F490737B667B681B6891
:1049C0001A467B6E7B653A65396D7A6D41E8002346
:1049D000FB64FB6C002BE6D17B681B6808337B63B0
:1049E0007B6B53E8003F3B633B6B23F001033B666B
:1049F0007B681B6808333A6E3A64FB63F96B3A6C68
:104A000041E80023BB63BB6B002BE5D17B68202210
:104A1000C3F880207B6800229A667B6800225A6671
:104A20007B681B685B6803F40003002B18D07B686D
:104A30001B683B623B6A53E8003FFB61FB6923F064
:104A40008063FB657B681B681A46FB6DFB62BA627C
:104A5000B96AFA6A41E800237B627B6A002BE6D1DF
:104A60007B681B6E012B2ED17B6800221A667B6847
:104A70001B68FB60FB6853E8003FBB60BB6823F02A
:104A80001003BB657B681B681A46BB6DBB617A610E
:104A90007969BA6941E800233B613B69002BE6D1A3
:104AA0007B681B68DB6903F01003102B03D17B6864
:104AB0001B6810221A627B68B3F858301946786870
:104AC000FEF72CFE0BE0786805F040FF07E07B68FE
:104AD0001B689A697B681B6842F008029A6100BFF4
:104AE0007037BD4680BD80B483B000AF78607B680E
:104AF00003F108027B685A607B684FF0FF329A60CE
:104B00007B6803F108027B68DA607B6803F10802C6
:104B10007B681A617B6800221A6000BF0C37BD46B3
:104B20005DF8047B704780B483B000AF78607B6829
:104B300000221A6100BF0C37BD465DF8047B704748
:104B400080B485B000AF786039607B685B68FB60DB
:104B50003B68FA685A60FB689A683B689A60FB6831
:104B60009B683A685A60FB683A689A603B687A6862
:104B70001A617B681B685A1C7B681A6000BF143777
:104B8000BD465DF8047B704780B485B000AF7860A7
:104B900039603B681B68BB60BB68B3F1FF3F03D162
:104BA0007B681B69FB600CE07B680833FB6002E0FC
:104BB000FB685B68FB60FB685B681B68BA689A42CD
:104BC000F6D2FB685A683B685A603B685B683A6893
:104BD0009A603B68FA689A60FB683A685A603B687A
:104BE0007A681A617B681B685A1C7B681A6000BF70
:104BF0001437BD465DF8047B704780B485B000AFC4
:104C000078607B681B69FB607B685B687A68926888
:104C10009A607B689B687A6852685A60FB685B6838
:104C20007A689A4203D17B689A68FB685A607B680D
:104C300000221A61FB681B685A1EFB681A60FB6839
:104C40001B6818461437BD465DF8047B70470000AA
:104C500080B584B000AF786039607B68FB60FB682A
:104C6000002B0DD14FF0500372B683F31188BFF3C0
:104C70006F8FBFF34F8F62B6BB6000BF00BFFDE711
:104C800002F07CFCFB681A68FB68DB6BF968096C56
:104C900001FB03F31A44FB689A60FB6800229A63E5
:104CA000FB681A68FB685A60FB681A68FB68DB6B74
:104CB000013BF968096C01FB03F31A44FB68DA60F5
:104CC000FB68FF2283F84420FB68FF2283F845201D
:104CD0003B68002B14D1FB681B69002B1AD0FB68C2
:104CE0001033184601F086F90346002B12D00D4B05
:104CF0004FF080521A60BFF34F8FBFF36F8F09E000
:104D0000FB6810331846FFF7EEFEFB6824331846A5
:104D1000FFF7E9FE02F068FC012318461037BD4694
:104D200080BD00BF04ED00E080B58EB002AFF8603A
:104D3000B9607A603B60FB68002B0DD14FF05003E7
:104D400072B683F31188BFF36F8FBFF34F8F62B6D4
:104D5000BB6200BF00BFFDE73B68002B0DD14FF0E9
:104D6000500372B683F31188BFF36F8FBFF34F8F79
:104D700062B67B6200BF00BFFDE77B68002B02D0FC
:104D8000BB68002B01D0012300E00023002B0DD1D4
:104D90004FF0500372B683F31188BFF36F8FBFF3E8
:104DA0004F8F62B63B6200BF00BFFDE77B68002B00
:104DB00002D1BB68002B01D1012300E00023002BAE
:104DC0000DD14FF0500372B683F31188BFF36F8F8C
:104DD000BFF34F8F62B6FB6100BF00BFFDE75023FA
:104DE0007B617B69502B0DD04FF0500372B683F37B
:104DF0001188BFF36F8FBFF34F8F62B6BB6100BFE7
:104E000000BFFDE77B693B68FB62FB6A002B0DD0AE
:104E1000FB6A012283F8462097F83820FB6A00934A
:104E200013467A68B968F86800F005F8FB6A184616
:104E30003037BD4680BD80B584B000AFF860B96042
:104E40007A60FB70BB68002B03D1BB69BA691A603A
:104E500002E0BB697A681A60BB69FA68DA63BB6909
:104E6000BA681A640121B869FFF7F2FEBB69FA78E3
:104E700083F84C2000BF1037BD4680BD80B58EB092
:104E800000AFF860B9607A603B6000237B63FB6829
:104E90003B633B6B002B0DD14FF0500372B683F395
:104EA0001188BFF36F8FBFF34F8F62B6BB6200BF35
:104EB00000BFFDE7BB68002B03D13B6B1B6C002BD5
:104EC00001D1012300E00023002B0DD14FF050034E
:104ED00072B683F31188BFF36F8FBFF34F8F62B643
:104EE0007B6200BF00BFFDE73B68022B03D13B6B39
:104EF000DB6B012B01D1012300E00023002B0DD13E
:104F00004FF0500372B683F31188BFF36F8FBFF376
:104F10004F8F62B63B6200BF00BFFDE701F032FA7F
:104F20000346002B02D17B68002B01D1012300E056
:104F30000023002B0DD14FF0500372B683F311887C
:104F4000BFF36F8FBFF34F8F62B6FB6100BF00BF2F
:104F5000FDE702F013FB3B6B9A6B3B6BDB6B9A42FA
:104F600002D33B68022B29D13A68B968386B00F04C
:104F70001BFAF8623B6B5B6A002B10D03B6B24334F
:104F8000184601F037F80346002B13D03F4B4FF083
:104F900080521A60BFF34F8FBFF36F8F0AE0FB6A36
:104FA000002B07D0394B4FF080521A60BFF34F8F60
:104FB000BFF36F8F02F018FB012363E07B68002BC7
:104FC00003D102F011FB00235CE07B6B002B06D1C8
:104FD00007F11403184601F073F801237B6302F014
:104FE00003FB00F0C5FD02F0C9FA3B6B93F84430B7
:104FF0005BB2B3F1FF3F03D13B6B002283F8442047
:105000003B6B93F845305BB2B3F1FF3F03D13B6B91
:10501000002283F8452002F0E7FA3A1D07F1140355
:105020001146184601F062F80346002B24D1386B74
:1050300000F0B2FA0346002B18D03B6B10337A68AD
:105040001146184600F080FF386B00F03DFA00F082
:105050009DFD0346002B7FF47CAF0C4B4FF080523C
:105060001A60BFF34F8FBFF36F8F72E7386B00F09A
:105070002BFA00F08BFD6CE7386B00F025FA00F09E
:1050800085FD002318463837BD4680BD04ED00E09D
:1050900080B58EB000AFF860B9607A603B60FB68A5
:1050A0003B633B6B002B0DD14FF0500372B683F383
:1050B0001188BFF36F8FBFF34F8F62B67B6200BF63
:1050C00000BFFDE7BB68002B03D13B6B1B6C002BC3
:1050D00001D1012300E00023002B0DD14FF050033C
:1050E00072B683F31188BFF36F8FBFF34F8F62B631
:1050F0003B6200BF00BFFDE73B68022B03D13B6B67
:10510000DB6B012B01D1012300E00023002B0DD12B
:105110004FF0500372B683F31188BFF36F8FBFF364
:105120004F8F62B6FB6100BF00BFFDE702F00EFBD0
:10513000EFF311824FF0500372B683F31188BFF37F
:105140006F8FBFF34F8F62B6BA617B61BB69FB6241
:105150003B6B9A6B3B6BDB6B9A4202D33B68022B37
:105160002CD13B6B93F8453087F82B303A68B968FF
:10517000386B00F019F997F92B30B3F1FF3F12D1DA
:105180003B6B5B6A002B16D03B6B2433184600F058
:1051900031FF0346002B0ED07B68002B0BD07B68C1
:1051A00001221A6007E097F82B300133DBB25AB2C4
:1051B0003B6B83F8452001237B6301E000237B6385
:1051C000FB6A3B613B6983F3118800BF7B6B184628
:1051D0003837BD4680BD000080B58CB000AFF860A8
:1051E000B9607A600023FB62FB68BB62BB6A002B7C
:1051F0000DD14FF0500372B683F31188BFF36F8F58
:10520000BFF34F8F62B63B6200BF00BFFDE7BB68D4
:10521000002B03D1BB6A1B6C002B01D1012300E0E2
:105220000023002B0DD14FF0500372B683F3118889
:10523000BFF36F8FBFF34F8F62B6FB6100BF00BF3C
:10524000FDE701F09FF80346002B02D17B68002B9D
:1052500001D1012300E00023002B0DD14FF05003BA
:1052600072B683F31188BFF36F8FBFF34F8F62B6AF
:10527000BB6100BF00BFFDE702F080F9BB6A9B6B1A
:105280007B627B6A002B1FD0B968B86A00F0F6F821
:105290007B6A5A1EBB6A9A63BB6A1B69002B0FD0DC
:1052A000BB6A1033184600F0A5FE0346002B07D05A
:1052B0003C4B4FF080521A60BFF34F8FBFF36F8F9C
:1052C00002F092F9012369E07B68002B03D102F020
:1052D0008BF9002362E0FB6A002B06D107F1100373
:1052E000184600F0EDFE0123FB6202F07DF900F0AC
:1052F0003FFC02F043F9BB6A93F844305BB2B3F170
:10530000FF3F03D1BB6A002283F84420BB6A93F8B5
:1053100045305BB2B3F1FF3F03D1BB6A002283F893
:10532000452002F061F93A1D07F1100311461846B5
:1053300000F0DCFE0346002B23D1B86A00F016F91A
:105340000346002B17D0BB6A24337A6811461846EF
:1053500000F0FAFDB86A00F0B7F800F017FC034659
:10536000002B89D10F4B4FF080521A60BFF34F8F43
:10537000BFF36F8F80E7B86A00F0A6F800F006FC74
:105380007AE7B86A00F0A0F800F000FCB86A00F014
:10539000EDF80346002B3FF46FAF0023184630377B
:1053A000BD4680BD04ED00E080B586B000AFF8607A
:1053B000B9607A6000237B61FB689B6B3B61FB6893
:1053C0001B6C002B0DD1FB681B68002B4DD1FB68BB
:1053D0009B68184600F0F4FF7861FB6800229A6031
:1053E00043E07B68002B19D1FB685868FB681B6C95
:1053F0001A46B96809F064FDFB685A68FB681B6CC3
:105400001A44FB685A60FB685A68FB689B689A42BA
:105410002BD3FB681A68FB685A6026E0FB68D868E3
:10542000FB681B6C1A46B96809F04AFDFB68DA682C
:10543000FB681B6C5B421A44FB68DA60FB68DA6845
:10544000FB681B689A4207D2FB689A68FB681B6C72
:105450005B421A44FB68DA607B68022B05D13B692A
:10546000002B02D03B69013B3B613B695A1CFB6846
:105470009A637B6918461837BD4680BD80B582B0F7
:1054800000AF786039607B681B6C002B18D07B689C
:10549000DA687B681B6C1A447B68DA607B68DA68C0
:1054A0007B689B689A4203D37B681A687B68DA60E2
:1054B0007B68D9687B681B6C1A46386809F000FD68
:1054C00000BF0837BD4680BD80B584B000AF7860AE
:1054D00002F054F87B6893F84530FB7311E07B6869
:1054E0005B6A002B12D07B682433184600F082FDE3
:1054F0000346002B01D000F061FEFB7B013BDBB2D9
:10550000FB7397F90F30002BE9DC00E000BF7B68EC
:10551000FF2283F8452002F067F802F02FF87B683D
:1055200093F84430BB7311E07B681B69002B12D0E9
:105530007B681033184600F05DFD0346002B01D058
:1055400000F03CFEBB7B013BDBB2BB7397F90E3036
:10555000002BE9DC00E000BF7B68FF2283F84420D9
:1055600002F042F800BF1037BD4680BD80B584B060
:1055700000AF786002F002F87B689B6B002B02D1D1
:105580000123FB6001E00023FB6002F02DF8FB68C3
:1055900018461037BD4680BD80B584B000AF786036
:1055A00001F0ECFF7B689A6B7B68DB6B9A4202D15F
:1055B0000123FB6001E00023FB6002F015F8FB68AB
:1055C00018461037BD4680BD80B586B000AFF86084
:1055D000B9607A60FB687B6101F0D0FF7B6993F86A
:1055E00044305BB2B3F1FF3F03D17B69002283F803
:1055F00044207B6993F845305BB2B3F1FF3F03D1A0
:105600007B69002283F8452001F0EEFF7B699B6BEC
:10561000002B06D17B6924337A68B968184600F0FC
:10562000BBFC7869FFF750FF00BF1837BD4680BD4F
:1056300080B58EB004AFF860B9607A603B607B6B78
:10564000002B0DD14FF0500372B683F31188BFF3D6
:105650006F8FBFF34F8F62B63B6200BF00BFFDE7A5
:10566000BB6B002B0DD14FF0500372B683F3118842
:10567000BFF36F8FBFF34F8F62B6FB6100BF00BFF8
:10568000FDE75C233B613B695C2B0DD04FF0500381
:1056900072B683F31188BFF36F8FBFF34F8F62B67B
:1056A000BB6100BF00BFFDE73B69BB6B002B1ED099
:1056B0007B6B002B1BD0BB6B7B627B6A7A6B1A63A4
:1056C0007B6A022283F85920002303937B6A0293AA
:1056D00007F1140301933B6B00933B687A68B96848
:1056E000F86800F050F8786A00F0E0F801E0002374
:1056F0007B617B6918462837BD4680BD80B58CB07C
:1057000004AFF860B9603B601346FB80FB889B00E8
:10571000184601F037FC78617B69002B0ED05C20C5
:1057200001F030FCF861FB69002B03D0FB697A695A
:105730001A6305E0786901F0F3FC01E00023FB61E6
:10574000FB69002B17D0FB69002283F85920FA88E7
:1057500000230393FB690293FB6A0193BB6A0093E6
:105760003B68B968F86800F00EF8F86900F09EF838
:105770000123BB6102E04FF0FF33BB61BB691846F8
:105780002037BD4680BD80B588B000AFF860B960F5
:105790007A603B603B6B186B7B689B001A46A521C7
:1057A00009F04AFB3B6B1A6B79686FF040430B447E
:1057B0009B001344BB61BB6923F00703BB61BB695A
:1057C00003F00703002B0DD04FF0500372B683F3A4
:1057D0001188BFF36F8FBFF34F8F62B67B6100BF3D
:1057E00000BFFDE7BB68002B1FD00023FB6112E068
:1057F000BA68FB69134419783A6BFB691344343374
:105800000A461A70BA68FB6913441B78002B06D04D
:10581000FB690133FB61FB690F2BE9D900E000BF95
:105820003B6B002283F8432003E03B6B002283F8AC
:105830003420BB6A372B01D93723BB623B6BBA6A72
:10584000DA623B6BBA6ADA643B6B00221A653B6B27
:1058500004331846FFF767F93B6B18331846FFF718
:1058600062F93B6B3A6B1A61BB6AC3F138023B6B5E
:105870009A613B6B3A6B5A623B6B00225A653B6BF9
:10588000002283F858203A68F968B86901F064FD8D
:1058900002463B6B1A60FB6A002B02D0FB6A3A6B34
:1058A0001A6000BF2037BD4680BD000080B582B0C1
:1058B00000AF786001F062FE2D4B1B6801332C4A6B
:1058C00013602C4B1B68002B09D12A4A7B6813609C
:1058D000274B1B68012B10D100F094FC0DE0264BE8
:1058E0001B68002B09D1234B1B68DA6A7B68DB6AD3
:1058F0009A4202D81F4A7B681360204B1B68013311
:105900001E4A13601D4B1A687B685A647B68DA6A0A
:105910001B4B1B689A4203D97B68DB6A184A1360E9
:105920007B68DA6A13469B0013449B00154A1A44AD
:105930007B68043319461046FFF702F901F054FE64
:105940000D4B1B68002B0ED00A4B1B68DA6A7B6874
:10595000DB6A9A4207D20C4B4FF080521A60BFF3B9
:105960004F8FBFF36F8F00BF0837BD4680BD00BFAC
:1059700094050020C0000020A0050020B0050020F4
:105980009C050020C400002004ED00E080B58AB032
:1059900000AF7860396000237B627B68002B0DD1FB
:1059A0004FF0500372B683F31188BFF36F8FBFF3CC
:1059B0004F8F62B67B6100BF00BFFDE73B68002BE5
:1059C0000DD14FF0500372B683F31188BFF36F8F80
:1059D000BFF34F8F62B63B6100BF00BFFDE72B4BAB
:1059E0001B68002B0DD04FF0500372B683F3118863
:1059F000BFF36F8FBFF34F8F62B6FB6000BF00BF76
:105A0000FDE700F0B5F8224B1B683B627B681B6822
:105A10003A681344FB617B681B683A6A9A420BD26E
:105A20007B681B68FA699A4211D2FA693B6A9A420A
:105A30000DD901237B620AE07B681B68FA699A42F0
:105A400003D3FA693B6A9A4201D901237B627B68DE
:105A5000FA691A607B6A002B06D0FA693B6AD31A8E
:105A60000021184600F020FD00F090F8B861BB69F5
:105A7000002B07D1074B4FF080521A60BFF34F8FB6
:105A8000BFF36F8F00BF2837BD4680BDBC05002027
:105A90009805002004ED00E080B58AB004AF002333
:105AA000BB6000237B603A46391D07F108031846A6
:105AB00001F034FA39687B68BA68029201930023D6
:105AC000009300230A4624492448FFF7B1FD03460A
:105AD000234A1360224B1B68002B02D001237B61F9
:105AE00001E000237B617B69012B02D100F030FDD6
:105AF00078617B69012B18D14FF0500372B683F3A4
:105B00001188BFF36F8FBFF34F8F62B63B6100BF49
:105B1000144B4FF0FF321A60134B01221A60134BE3
:105B200000221A6001F0ACFC11E07B69B3F1FF3F89
:105B30000DD14FF0500372B683F31188BFF36F8F0E
:105B4000BFF34F8F62B6FB6000BF00BFFDE700BF31
:105B50001837BD4680BD00BFF4EE0008D5610008CF
:105B6000B8050020B4050020A005002098050020FD
:105B700080B400AF044B1B680133034A136000BFBD
:105B8000BD465DF8047B7047BC05002080B584B03D
:105B900000AF0023FB600023BB60434B1B68002B5E
:105BA0000DD14FF0500372B683F31188BFF36F8F9E
:105BB000BFF34F8F62B63B6000BF00BFFDE701F04F
:105BC000DDFC394B1B68013B374A1360364B1B68C1
:105BD000002B62D1354B1B68002B5ED02FE0344B7D
:105BE000DB68DB68FB60FB6818331846FFF705F8D5
:105BF000FB6804331846FFF700F8FB68DA6A2D4BA0
:105C00001B689A4203D9FB68DB6A2A4A1360FB6867
:105C1000DA6A13469B0013449B00274A1A44FB6828
:105C2000043319461046FEF78BFFFB68DA6A234BF4
:105C30001B68DB6A9A4202D3214B01221A601C4B7B
:105C40001B68002BCBD1FB68002B01D000F07AFB46
:105C50001C4B1B687B607B68002B10D000F058F851
:105C60000346002B02D0164B01221A607B68013BD1
:105C70007B607B68002BF1D1124B00221A60104B25
:105C80001B68002B09D00123BB600F4B4FF08052E3
:105C90001A60BFF34F8FBFF36F8F01F0A5FCBB6895
:105CA00018461037BD4680BDBC0500209405002075
:105CB000540500209C050020C4000020C0000020E6
:105CC000A8050020A405002004ED00E080B483B006
:105CD00000AF054B1B687B607B6818460C37BD46E0
:105CE0005DF8047B704700BF9805002080B582B046
:105CF00000AF01F02BFD00237B60044B1B683B6071
:105D00003B6818460837BD4680BD00BF9805002097
:105D100080B586B000AF00237B61504B1B68002B21
:105D200040F08C804E4B1B6801333B614C4A3B6911
:105D300013603B69002B23D14A4B1B681B68002B67
:105D40000DD04FF0500372B683F31188BFF36F8FFD
:105D5000BFF34F8F62B63B6000BF00BFFDE7414B12
:105D60001B68FB60404B1B683E4A13603E4AFB6861
:105D700013603E4B1B6801333C4A136000F0E2FAAB
:105D80003B4B1B683A699A4249D3364B1B681B68E8
:105D9000002B04D1364B4FF0FF321A603FE0314BFD
:105DA0001B68DB68DB68BB60BB685B687B603A696B
:105DB0007B689A4203D22E4A7B6813602FE0BB684F
:105DC00004331846FEF719FFBB689B6A002B04D00A
:105DD000BB6818331846FEF710FFBB68DA6A254B1C
:105DE0001B689A4203D9BB68DB6A224A1360BB680E
:105DF000DA6A13469B0013449B001F4A1A44BB688F
:105E0000043319461046FEF79BFEBB68DA6A1B4B4B
:105E10001B68DB6A9A42B8D301237B61B5E7174B55
:105E20001B68DA6A144913469B0013449B000B4419
:105E30001B68012B07D901237B6104E0104B1B6811
:105E400001330F4A13600F4B1B68002B01D0012355
:105E50007B617B6918461837BD4680BDBC050020B4
:105E6000980500204C05002050050020AC050020BE
:105E7000B40500209C050020C4000020C0000020C4
:105E8000A4050020A805002080B485B000AF294BF0
:105E90001B68002B03D0284B01221A6044E0264BDC
:105EA00000221A60254B1B68FB6013E0FB68002B87
:105EB0000DD14FF0500372B683F31188BFF36F8F8B
:105EC000BFF34F8F62B67B6000BF00BFFDE7FB688A
:105ED000013BFB601A49FA6813469B0013449B0080
:105EE0000B441B68002BE1D0FA6813469B00134457
:105EF0009B00134A1344BB60BB685B685A68BB686D
:105F00005A60BB685A68BB6808339A4204D1BB68C0
:105F10005B685A68BB685A60BB685B68DB68094AA3
:105F20001360064AFB68136000BF1437BD465DF876
:105F3000047B7047BC050020A80500209C050020BC
:105F4000C4000020C000002080B584B000AF78609D
:105F500039607B68002B0DD14FF0500372B683F38C
:105F60001188BFF36F8FBFF34F8F62B6FB6000BF26
:105F700000BFFDE7074B1B68183319467868FEF72A
:105F800003FE0121386800F08FFA00BF1037BD46CC
:105F900080BD00BFC000002080B586B000AFF860B3
:105FA000B9607A60FB68002B0DD14FF0500372B6D8
:105FB00083F31188BFF36F8FBFF34F8F62B67B619E
:105FC00000BF00BFFDE70A4B1B6818331946F8688D
:105FD000FEF7B6FD7B68002B02D04FF0FF33BB60AD
:105FE0007968B86800F060FA00BF1837BD4680BD18
:105FF000C000002080B586B000AF78607B68DB68A9
:10600000DB683B613B69002B0DD14FF0500372B64A
:1060100083F31188BFF36F8FBFF34F8F62B6FB60BE
:1060200000BF00BFFDE73B6918331846FEF7E5FDEA
:106030001D4B1B68002B1DD13B6904331846FEF72E
:10604000DCFD3B69DA6A194B1B689A4203D93B694C
:10605000DB6A164A13603B69DA6A13469B001344F5
:106060009B00134A1A443B69043319461046FEF755
:1060700067FD05E03B69183319460E48FEF760FDE1
:106080003B69DA6A0C4B1B68DB6A9A4205D901232B
:106090007B610A4B01221A6001E000237B617B696E
:1060A00018461837BD4680BDBC0500209C05002061
:1060B000C400002054050020C0000020A8050020D6
:1060C00080B483B000AF7860064B1A687B681A60B2
:1060D000054B1A687B685A6000BF0C37BD465DF8F7
:1060E000047B7047AC0500209805002080B588B07F
:1060F00000AF786039607B68002B0DD14FF0500302
:1061000072B683F31188BFF36F8FBFF34F8F62B600
:106110003B6100BF00BFFDE73B68002B0DD14FF096
:10612000500372B683F31188BFF36F8FBFF34F8FA5
:1061300062B6FB6000BF00BFFDE701F01FFA1D4B18
:106140001B68BB617B685B68BA69D31A7B613B687B
:106150001B68B3F1FF3F02D10023FB6123E07B68A2
:106160001A68154B1B689A4207D07B685B68BA694E
:106170009A4202D30123FB6115E03B681B687A69F0
:106180009A420BD23B681A687B69D21A3B681A6044
:106190007868FFF795FF0023FB6104E03B6800226D
:1061A0001A600123FB6101F01FFAFB6918462037D2
:1061B000BD4680BD98050020AC05002080B400AF2E
:1061C000034B01221A6000BFBD465DF8047B704797
:1061D000A805002080B582B000AF786000F052F8CA
:1061E000064B1B68012BF9D9054B4FF080521A6002
:1061F000BFF34F8FBFF36F8FF0E700BFC4000020E5
:1062000004ED00E080B582B000AF00237B600CE0BD
:106210007A6813469B0013449B00124A13441846A5
:10622000FEF761FC7B6801337B607B68372BEFD91D
:106230000D48FEF758FC0D48FEF755FC0C48FEF7DC
:1062400052FC0C48FEF74FFC0B48FEF74CFC0B4B86
:10625000054A1A600A4B054A1A6000BF0837BD4656
:1062600080BD00BFC40000202405002038050020A8
:106270005405002068050020800500204C05002002
:106280005005002080B582B000AF19E001F076F92A
:10629000104BDB68DB687B607B6804331846FEF7D5
:1062A000ACFC0D4B1B68013B0B4A13600B4B1B688E
:1062B000013B0A4A136001F097F9786800F010F882
:1062C000064B1B68002BE1D100BF00BF0837BD465D
:1062D00080BD00BF68050020940500207C050020DB
:1062E00080B584B000AF78607B6893F85930002B9C
:1062F00008D17B681B6B184600F012FF786800F02D
:106300000FFF1BE07B6893F85930012B03D17868AD
:1063100000F006FF12E07B6893F85930022B0DD095
:106320004FF0500372B683F31188BFF36F8FBFF342
:106330004F8F62B6FB6000BF00BFFDE700BF1037A4
:10634000BD4680BD80B483B000AF0C4B1B681B689A
:10635000002B04D10A4B4FF0FF321A6008E0074BC4
:106360001B68DB68DB687B607B685B68044A1360E2
:1063700000BF0C37BD465DF8047B70474C0500201C
:10638000B405002080B483B000AF0B4B1B68002B1A
:1063900002D101237B6008E0084B1B68002B02D16F
:1063A00002237B6001E000237B607B6818460C378A
:1063B000BD465DF8047B7047A0050020BC050020A9
:1063C00080B586B000AF78607B683B6100237B615D
:1063D0007B68002B5CD0314B1B683A699A420DD028
:1063E0004FF0500372B683F31188BFF36F8FBFF382
:1063F0004F8F62B6FB6000BF00BFFDE73B691B6DBE
:10640000002B0DD14FF0500372B683F31188BFF308
:106410006F8FBFF34F8F62B6BB6000BF00BFFDE759
:106420003B691B6D5A1E3B691A653B69DA6A3B6919
:10643000DB6C9A422CD03B691B6D002B28D13B6949
:1064400004331846FEF7D9FB3B69DA6C3B69DA6224
:106450003B69DB6AC3F138023B699A613B69DA6ADE
:106460000F4B1B689A4203D93B69DB6A0C4A1360E5
:106470003B69DA6A13469B0013449B00094A1A449D
:106480003B69043319461046FEF75AFB01237B6132
:106490007B6918461837BD4680BD00BFC00000208C
:1064A0009C050020C400002080B584B000AF786057
:1064B0003960214B1B68FB60204B1B680433184676
:1064C000FEF79BFB7B68B3F1FF3F0AD13B68002BD3
:1064D00007D01A4B1B68043319461948FEF730FBE6
:1064E00026E0FA687B681344BB60144B1B68BA68EB
:1064F0005A60BA68FB689A4209D2124B1A680F4B6D
:106500001B68043319461046FEF73EFB10E00E4BA5
:106510001A680A4B1B68043319461046FEF734FB11
:106520000A4B1B68BA689A4202D2084ABB681360D9
:1065300000BF1037BD4680BD98050020C000002078
:1065400080050020500500204C050020B4050020E7
:1065500080B58AB004AF00237B6100F021FB1E4BA5
:106560001B68002B21D00023FB600023BB603A1D79
:1065700007F1080107F10C03184600F0E9FC7968FF
:10658000BB68FA68029201930223009300230A4633
:1065900012491348FFF74CF80346124A1360114B97
:1065A0001B68002B01D001237B617B69002B0DD17F
:1065B0004FF0500372B683F31188BFF36F8FBFF3B0
:1065C0004F8F62B63B6100BF00BFFDE77B69184695
:1065D0001837BD4680BD00BFF0050020FCEE000866
:1065E00029670008F405002080B58AB000AFF86084
:1065F000B9607A603B6000237B62FB68002B0DD1A1
:106600004FF0500372B683F31188BFF36F8FBFF35F
:106610004F8F62B63B6200BF00BFFDE7194B1B689E
:10662000002B2AD0BB683B617B687B61FB68BB6148
:10663000BB68052B18DCFFF7A5FE0346022B09D12A
:10664000104B186807F1100100233A6BFEF716FC97
:10665000786212E00B4B186807F11001002300224A
:10666000FEF70CFC786208E0064B186807F1100191
:1066700000233A68FEF70CFD78627B6A18462837DB
:10668000BD4680BDF005002080B588B002AF7860BF
:106690003960244B1B68DB68DB687B617B690433F2
:1066A0001846FEF7AAFA7B6993F8283003F0040332
:1066B000002B25D07B699A697B68D1187B683A6882
:1066C000786900F0D7F80346002B22D0002300930E
:1066D00000237A6800217869FFF786FF38613B69FB
:1066E000002B16D14FF0500372B683F31188BFF31D
:1066F0006F8FBFF34F8F62B6FB6000BF00BFFDE737
:106700007B6993F8283023F00103DAB27B6983F8C0
:1067100028207B691B6A7869984700BF1837BD46F7
:1067200080BD00BFE805002080B584B000AF786070
:1067300007F10803184600F059F8F860BB681946DD
:10674000F86800F005F800F0D7F800BFF0E70000A7
:1067500080B584B000AF78603960FFF709FA07F1BF
:106760000803184600F066F8F860BB68002B30D1CB
:106770003B68002B0AD17A68FB689A4206D8FFF77B
:1067800005FAF9687868FFF77FFF24E03B68002B83
:1067900008D0134B1B681B68002B01D1012300E0BC
:1067A00000233B600F4B18687A68FB68D31A3A687D
:1067B0001946FEF709FFFFF7E9F90346002B0AD156
:1067C000094B4FF080521A60BFF34F8FBFF36F8FAA
:1067D00001E0FFF7DBF900BF1037BD4680BD00BF09
:1067E000EC050020F005002004ED00E080B485B049
:1067F00000AF78600E4B1B681B68002B01D1012293
:1068000000E000227B681A607B681B68002B05D1C2
:10681000074B1B68DB681B68FB6001E00023FB6023
:10682000FB6818461437BD465DF8047B704700BF0F
:10683000E805002080B584B000AF7860FFF746FA25
:10684000F8600B4B1B68FA689A4205D200F040F9D9
:106850007B6801221A6002E07B6800221A60044A09
:10686000FB681360FB6818461037BD4680BD00BF4B
:10687000F805002080B586B000AFF860B9607A6096
:106880003B6000237B61FB68BA685A60FB68FA686A
:106890001A61BA687B689A4212D87A683B68D21A41
:1068A000FB689B699A4202D301237B611BE0104B7A
:1068B0001A68FB68043319461046FEF765F912E0C2
:1068C0007A683B689A4206D2BA683B689A4202D319
:1068D00001237B6107E0074B1A68FB680433194604
:1068E0001046FEF751F97B6918461837BD4680BD42
:1068F000EC050020E805002080B58EB002AFD4E0A2
:106900007B68002B1BDA3B1D0433FB62FB6A002B08
:106910000DD14FF0500372B683F31188BFF36F8F20
:10692000BFF34F8F62B6FB6100BF00BFFDE7FB6A9C
:106930001B68FA6A5068FA6A9268114698477B6841
:10694000002BC0F2B280FB68BB62BB6A5B69002BA4
:1069500004D0BB6A04331846FEF74FF93B4618468D
:10696000FFF768FF78627B68092B00F29B8001A229
:1069700052F823F09D6900089D6900089D69000890
:10698000176A00082B6A00087B6A00089D690008E6
:106990009D690008176A00082B6A0008BB6A93F813
:1069A000283043F00103DAB2BB6A83F82820BA68C2
:1069B000BB6A9B69D118BB687A6AB86AFFF75AFF4D
:1069C0000346002B70D0BB6A1B6AB86A9847BB6A43
:1069D00093F8283003F00403002B65D0BA68BB6A33
:1069E0009B691A440023009300230021B86AFFF733
:1069F000FBFD38623B6A002B56D14FF0500372B654
:106A000083F31188BFF36F8FBFF34F8F62B6BB6103
:106A100000BF00BFFDE7BB6A93F8283023F00103F5
:106A2000DAB2BB6A83F828203FE0BB6A93F82830CB
:106A300043F00103DAB2BB6A83F82820BA68BB6A64
:106A40009A61BB6A9B69002B0DD14FF0500372B65F
:106A500083F31188BFF36F8FBFF34F8F62B67B61F3
:106A600000BF00BFFDE7BB6A9A697B6AD1187B6AE9
:106A70007A6AB86AFFF7FEFE17E0BB6A93F828301F
:106A800003F00203002B03D1B86A00F049FB0CE0CD
:106A9000BB6A93F8283023F00103DAB2BB6A83F8AB
:106AA000282002E000BF00E000BF084B1B68391D32
:106AB00000221846FEF790FB0346002B7FF420AF20
:106AC00000BF00BF3037BD4680BD00BFF0050020CD
:106AD00080B588B002AF4BE02F4B1B68DB681B68AA
:106AE0003B612D4B1B68DB68DB68FB60FB68043394
:106AF0001846FEF782F8FB681B6AF8689847FB683F
:106B000093F8283003F00403002B31D0FB689B6915
:106B10003A691344BB60BA683B699A420ED9FB6874
:106B2000BA685A60FB68FA681A611B4B1A68FB68FE
:106B3000043319461046FEF727F819E000230093A6
:106B400000233A690021F868FFF74EFD78607B6802
:106B5000002B0DD14FF0500372B683F31188BFF3B1
:106B60006F8FBFF34F8F62B63B6000BF00BFFDE782
:106B7000094B1B681B68002BAED1074B1B687B6160
:106B8000064B1B68044A1360044A7B69136000BF0C
:106B90001837BD4680BD00BFE8050020EC05002089
:106BA00080B582B002AF00F0E9FC104B1B68002BEF
:106BB00016D10F48FDF797FF0E48FDF794FF0E4BD7
:106BC0000B4A1A600D4B0B4A1A60002300930C4BC2
:106BD0000C4A10210A20FEF7A7F80346034A136067
:106BE00000F002FD00BFBD4680BD00BFF0050020E3
:106BF000C0050020D4050020E8050020EC05002099
:106C00009C060020FC05002080B400AF00BFBD46FC
:106C10005DF8047B7047000080B485B000AFEFF3EF
:106C20000583BB60BB68002B0FD1EFF310837B6043
:106C30007B68002B05D1EFF311833B603B68002B91
:106C400007D00E4B1B68022B03D16FF00503FB60CE
:106C50000CE00A4B1B68002B05D1084B01221A607F
:106C60000023FB6002E04FF0FF33FB60FB68184637
:106C70001437BD465DF8047B704700BFEC0600206A
:106C800080B584B000AFEFF30583BB60BB68002B19
:106C90000FD1EFF310837B607B68002B05D1EFF3FE
:106CA00011833B603B68002B07D00F4B1B68022B06
:106CB00003D16FF00503FB6010E00B4B1B68012B49
:106CC00009D1FFF7A1FF084B02221A60FEF7E4FE8C
:106CD0000023FB6002E04FF0FF33FB60FB681846C7
:106CE0001037BD4680BD00BFEC06002080B584B0E3
:106CF00000AFEFF30583BB60BB68002B0FD1EFF350
:106D000010837B607B68002B05D1EFF311833B6020
:106D10003B68002B07D0084B1B68022B03D1FEF702
:106D2000E5FFF86002E0FEF7D1FFF860FB68184667
:106D30001037BD4680BD00BFEC06002080B400AF18
:106D40004FF47A731846BD465DF8047B7047000027
:106D500080B590B004AFF860B9607A6000233B6101
:106D6000EFF30583FB61FB69002B40F09080EFF3AC
:106D70001083BB61BB69002B05D1EFF311837B61ED
:106D80007B69002B03D0444B1B68022B7FD0FB6830
:106D9000002B7CD04FF48073BB6218237B620023EE
:106DA000FB624FF0FF333B627B68002B45D07B6872
:106DB0001B68002B02D07B681B68FB627B689B69A9
:106DC000002B02D07B689B697B627B6A002B08D01A
:106DD0007B6A382B05D87B685B6803F00103002BC6
:106DE00001D0002354E07B685B69002B03D07B68F3
:106DF0005B699B08BB627B689B68002B0ED07B683D
:106E0000DB685B2B0AD97B681B69002B06D07B688B
:106E10005B69002B02D001233B6210E07B689B681A
:106E2000002B0CD17B68DB68002B08D17B681B69C9
:106E3000002B04D100233B6201E000233B623B6A4C
:106E4000012B10D17B681B697A68926802920193CA
:106E50007B6A0093BB68BA6AF96AF868FEF7E8FBD8
:106E600003463B6113E03B6A002B10D1BB6A9AB228
:106E700007F1100301937B6A0093BB68F96AF86815
:106E8000FEF73CFC0346012B01D000233B613B692C
:106E900018463037BD4680BDEC06002080B588B06E
:106EA00000AF7860EFF305837B617B69002B0FD126
:106EB000EFF310833B613B69002B05D1EFF31183A6
:106EC000FB60FB68002B07D0134B1B68022B03D120
:106ED0006FF00503FB6119E00023FB61FEF7F6FE8E
:106EE0000346BB60BB687A68D31ABB61BB69002BE1
:106EF00009D0BB69002B06DB07F10803B969184606
:106F0000FEF744FD02E06FF00303FB61FB691846E6
:106F10002037BD4680BD00BFEC06002080B485B0A0
:106F200000AFF860B9607A60FB68074A1A60BB6816
:106F3000064A1A607B684FF480721A6000BF1437EB
:106F4000BD465DF8047B7047F00600204C0700202A
:106F500080B485B000AFF860B9607A60FB68074A1A
:106F60001A60BB68064A1A607B684FF400721A60A8
:106F700000BF1437BD465DF8047B70474C0B002002
:106F8000A80B002080B58AB000AF78600023FB61B9
:106F9000FEF7EEFD5D4B1B68002B01D100F020F9E0
:106FA0005B4B1A687B681340002B40F094807B6831
:106FB000002B20D008227B6813447B607B6803F0A1
:106FC0000703002B17D07B6823F0070308337B608F
:106FD0007B6803F00703002B0DD04FF0500372B60F
:106FE00083F31188BFF36F8FBFF34F8F62B67B615E
:106FF00000BF00BFFDE77B68002B6CD0454B1B68D2
:107000007A689A4267D8444B3B62434B1B687B6269
:1070100004E07B6A3B627B6A1B687B627B6A5B681D
:107020007A689A4203D97B6A1B68002BF1D1374BEF
:107030001B687A6A9A424ED03B6A1B680822134446
:10704000FB617B6A1A683B6A1A607B6A5A687B68D4
:10705000D21A08235B009A4222D97A6A7B681344C9
:10706000BB61BB6903F00703002B0DD04FF0500349
:1070700072B683F31188BFF36F8FBFF34F8F62B681
:107080003B6100BF00BFFDE77B6A5A687B68D21A8C
:10709000BB695A607B6A7A685A60B86900F002F985
:1070A0001C4B1A687B6A5B68D31A1A4A1360194B27
:1070B0001A681A4B1B689A4203D2164B1B68174A70
:1070C00013607B6A5A68124B1B681A437B6A5A60CA
:1070D0007B6A00221A60FEF759FDFB6903F0070383
:1070E000002B0DD04FF0500372B683F31188BFF31D
:1070F0006F8FBFF34F8F62B6FB6000BF00BFFDE72D
:10710000FB6918462837BD4680BD00BFB0930020FC
:10711000BC930020B4930020A8930020B8930020D3
:1071200080B586B000AF78607B687B617B68002BA0
:107130004ED008235B427A6913447B617B693B61D3
:107140003B695A68244B1B681340002B0DD14FF04C
:10715000500372B683F31188BFF36F8FBFF34F8F65
:1071600062B6FB6000BF00BFFDE73B691B68002BF8
:107170000DD04FF0500372B683F31188BFF36F8FB9
:10718000BFF34F8F62B6BB6000BF00BFFDE73B6936
:107190005A68114B1B681340002B19D03B691B68C0
:1071A000002B15D13B695A680B4B1B68DB431A4017
:1071B0003B695A60FEF7DCFC3B695A68074B1B6869
:1071C0001344064A1360386900F06CF8FEF7DEFCE1
:1071D00000BF1837BD4680BDBC930020B49300208B
:1071E00080B485B000AF4FF40043BB60274BFB6019
:1071F000FB6803F00703002B0CD0FB680733FB6030
:10720000FB6823F00703FB60BA68FB68D31A1F4AC8
:107210001344BB60FB687B601D4A7B6813601C4B9A
:1072200000225A607B68BA681344FB600822FB683E
:107230009B1AFB60FB6823F00703FB60FB68154AA1
:107240001360144B1B6800225A60124B1B6800220B
:107250001A607B683B603B68FA68D21A3B685A60E8
:107260000C4B1A683B681A603B685B680A4A1360FB
:107270003B685B68094A1360094B4FF000421A6093
:1072800000BF1437BD465DF8047B7047A81300208B
:10729000A8930020B0930020B8930020B49300205E
:1072A000BC93002080B485B000AF7860284BFB60B1
:1072B00002E0FB681B68FB60FB681B687A689A4207
:1072C000F7D8FB68BB60FB685B68BA6813447A68F0
:1072D0009A4208D1FB685A687B685B681A44FB686D
:1072E0005A60FB687B607B68BB607B685B68BA68E0
:1072F0001A44FB681B689A4218D1FB681A68154B40
:107300001B689A420DD07B685A68FB681B685B68F3
:107310001A447B685A60FB681B681A687B681A60AD
:1073200008E00C4B1A687B681A6003E0FB681A6877
:107330007B681A60FA687B689A4202D0FB687A68B8
:107340001A6000BF1437BD465DF8047B704700BF6C
:10735000A8930020B093002080B485B000AFF860FF
:10736000B9607A60FB68043BFB60FB684FF0807299
:107370001A60FB68043BFB60BB6823F00102FB68FA
:107380001A60FB68043BFB600C4AFB681A60FB68F0
:10739000143BFB607A68FB681A60FB68043BFB6087
:1073A000FB686FF002021A60FB68203BFB60FB6821
:1073B00018461437BD465DF8047B7047C17300085A
:1073C00080B485B000AF00237B60154B1B68B3F120
:1073D000FF3F0DD04FF0500372B683F31188BFF317
:1073E0006F8FBFF34F8F62B6FB6000BF00BFFDE73A
:1073F0004FF0500372B683F31188BFF36F8FBFF362
:107400004F8F62B6BB6000BF00BF7B68002BFCD013
:1074100000BF00BF1437BD465DF8047B704700BF56
:107420000C00002000000000000000000000000030
:10743000074B19680868B0E8F04F80F30988BFF37C
:107440006F8F4FF0000080F311887047AFF300801A
:10745000C000002000BF00BF08480068006880F33B
:1074600008884FF0000080F3148862B661B6BFF35D
:107470004F8FBFF36F8F00DF00BF00BF08ED00E04C
:1074800080B584B000AF374BFB60FB681B78DBB284
:107490007B60FB68FF221A70FB681B78DBB2FB7015
:1074A000FB78DBB203F05003DAB22F4B1A702F4B8C
:1074B00007221A6009E02D4B1B68013B2B4A136021
:1074C000FB78DBB25B00DBB2FB70FB78DBB203F076
:1074D0008003802BEFD0254B1B68C3F10703042BDF
:1074E0000DD04FF0500372B683F31188BFF36F8F46
:1074F000BFF34F8F62B6BB6000BF00BFFDE71B4B01
:107500001B681B02194A1360184B1B6803F4E063E5
:10751000164A13607B68DAB2FB681A70144B1B685A
:10752000134A43F470031360114B1B68104A43F075
:107530007043136000F0DCF80E4B00221A6000F07C
:10754000FBF80D4B1B680C4A43F040431360FFF7F8
:1075500083FFFEF799FCFFF733FF0023184610372F
:10756000BD4680BD00E400E0C0930020C49300202D
:1075700020ED00E00C00002034EF00E080B483B088
:1075800000AF4FF0500372B683F31188BFF36F8FD3
:10759000BFF34F8F62B67B6000BF114B1B68013396
:1075A0000F4A13600E4B1B68012B12D10D4B1B6849
:1075B000DBB2002B0DD04FF0500372B683F311886D
:1075C000BFF36F8FBFF34F8F62B63B6000BF00BF4A
:1075D000FDE700BF0C37BD465DF8047B704700BF78
:1075E0000C00002004ED00E080B483B000AF134B2A
:1075F0001B68002B0DD14FF0500372B683F3118836
:10760000BFF36F8FBFF34F8F62B67B6000BF00BFC9
:10761000FDE70A4B1B68013B084A1360074B1B68D8
:10762000002B05D100233B603B6883F3118800BF2A
:1076300000BF0C37BD465DF8047B70470C0000208E
:10764000EFF30980BFF36F8F154B1A681EF0100F10
:1076500008BF20ED108A20E9F04F10602DE90900E5
:107660004FF0500072B680F31188BFF34F8FBFF315
:107670006F8F62B6FEF708FC4FF0000080F31188B0
:1076800009BC19680868B0E8F04F1EF0100F08BF79
:10769000B0EC108A80F30988BFF36F8F704700BF8A
:1076A000C000002000BF00BF80B582B000AF4FF027
:1076B000500372B683F31188BFF36F8FBFF34F8F00
:1076C00062B67B6000BFFEF723FB0346002B03D0AE
:1076D000064B4FF080521A6000233B603B6883F3F7
:1076E000118800BF00BF0837BD4680BD04ED00E033
:1076F00080B400AF0B4B00221A600B4B00221A60C3
:107700000A4B1B680A4AA2FB03239B09094A013B57
:107710001360044B07221A6000BFBD465DF8047B6E
:10772000704700BF10E000E018E000E0000000201B
:10773000D34D621014E000E0DFF80C00016841F462
:1077400070010160704700BF88ED00E080B485B033
:1077500000AFEFF30583FB60FB680F2B17D91A4AC4
:10776000FB6813441B78FB72184B1B78FA7A9A4219
:107770000DD24FF0500372B683F31188BFF36F8FB1
:10778000BFF34F8F62B67B6000BF00BFFDE7104BB9
:107790001B6803F4E0620F4B1B689A420DD94FF04F
:1077A000500372B683F31188BFF36F8FBFF34F8F0F
:1077B00062B63B6000BF00BFFDE700BF1437BD46A7
:1077C0005DF8047B704700BFF0E300E0C093002049
:1077D0000CED00E0C493002080B500AF00F094F8F9
:1077E000FBF70EFA00F024F800F0D2F800F086F96A
:1077F00000F042FA00F0A0FA00F06EFA00F0ACF9E6
:1078000000F0DAF900F008FA00F0C6FA03F0ACF87C
:10781000034683F00103DBB2002B01D000F0B2F885
:10782000FFF7FAF900F01CF9FFF72AFA00BFFDE7AD
:1078300080B594B000AF07F1200330220021184634
:1078400007F0FAFA07F10C0300221A605A609A60F6
:10785000DA601A612A4B1B6C294A43F08053136487
:10786000274B1B6C03F08053BB60BB68254B1B6828
:10787000244A43F440431360224B1B6803F4404303
:107880007B607B6801233B624FF480337B62022381
:10789000BB634FF48003FB6304233B64D8237B6406
:1078A0000223BB640223FB6407F120031846F9F7A7
:1078B00091FA0346002B01D000F064F8FBF750F971
:1078C0000346002B01D000F05DF80F23FB6002237C
:1078D0003B6100237B614FF4A053BB614FF48053A5
:1078E000FB6107F10C0307211846F9F717FD034662
:1078F000002B01D000F046F800BF5037BD4680BDD8
:10790000003802400070004080B584B000AF3B46B4
:1079100000221A605A609A60DA60F9F7E3F90123ED
:107920003B7000237B7000237B601F233B72872307
:107930007B720023BB720023FB7201233B73012384
:107940007B730023BB730023FB733B461846F9F798
:1079500001FA0420F9F7DEF900BF1037BD4680BDFB
:1079600080B582B000AF78607B681B68044A9342A0
:1079700001D1FBF753F900BF0837BD4680BD00BFFA
:107980000010004080B400AF72B600BF00BFFDE73A
:1079900080B58CB000AF304B1B6B2F4A43F0800397
:1079A00013632D4B1B6B03F08003BB61BB692A4B38
:1079B0001B6B294A43F002031363274B1B6B03F035
:1079C00002037B617B69244B1B6B234A43F0010359
:1079D0001363214B1B6B03F001033B613B691E4B9F
:1079E0001B6B1D4A43F0040313631B4B1B6B03F01B
:1079F0000403FB60FB68184B1B6B174A43F008033A
:107A00001363154B1B6B03F00803BB60BB68124B81
:107A10001B6B114A43F0100313630F4B1B6B03F0F6
:107A200010037B607B6807F11C0300221A605A6018
:107A30009A60DA601A610323FB6100233B62012331
:107A40007B6207F11C0319460448FAF7AFFA00BF3E
:107A50003037BD4680BD00BF00380240000C0240F8
:107A600080B500AF044A00210448FFF771F90346CE
:107A7000034A136000BF80BDE4EF0008857A000868
:107A8000C893002080B586B000AF7860FFF756F944
:107A900038613B69C72B0AD93A69174BA3FB02131C
:107AA0009B09C82101FB03F3D31A002B01D0FFF778
:107AB00069FF3B69104AA2FB03239B09FB60FFF7A8
:107AC00015F9786103F00AFD7A69FB6813447B615C
:107AD0007869FFF7E3F90346002BF3D003F06EFB60
:107AE000FFF704F978617A69FB6813447B61786970
:107AF000FFF7D4F9E6E700BF1F85EB5180B582B0F0
:107B000000AF144B1B6B134A43F400131363114B68
:107B10001B6B03F400137B607B68002205210C20A3
:107B2000F9F7B6F80C20F9F7CFF8002205210E205E
:107B3000F9F7AEF80E20F9F7C7F80022052110205A
:107B4000F9F7A6F81020F9F7BFF800BF0837BD46CF
:107B500080BD00BF0038024080B500AF144B154A0D
:107B60001A60134B4FF4E1325A60114B00229A60B5
:107B70000F4B0022DA600E4B00221A610C4B0C22D4
:107B80005A610B4B00229A61094B0022DA61084BC3
:107B900000221A62064B00225A620548FBF75EF883
:107BA0000346002B01D0FFF7EDFE00BF80BD00BFF4
:107BB000CC930020004C004080B500AF144B154A18
:107BC0001A60134B4FF4E1325A60114B00229A6055
:107BD0000F4B0022DA600E4B00221A610C4B0C2274
:107BE0005A610B4B00229A61094B0022DA61084B63
:107BF00000221A62064B00225A620548FBF72EF853
:107C00000346002B01D0FFF7BDFE00BF80BD00BFC3
:107C1000549400200050004080B500AF144B154A2A
:107C20001A60134B4FF4E1325A60114B00229A60F4
:107C30000F4B0022DA600E4B00221A610C4B0C2213
:107C40005A610B4B00229A61094B0022DA61084B02
:107C500000221A62064B00225A620548FAF7FEFF1C
:107C60000346002B01D0FFF78DFE00BF80BD00BF93
:107C7000DC940020007C004080B500AF144B154A16
:107C80001A60134B4FF4E1325A60114B00229A6094
:107C90000F4B0022DA600E4B00221A610C4B0C22B3
:107CA0005A610B4B00229A61094B0022DA61084BA2
:107CB00000221A62064B00225A620548FAF7CEFFEC
:107CC0000346002B01D0FFF75DFE00BF80BD00BF63
:107CD000649500200010014080B500AF144B154A98
:107CE0001A60134B4FF416525A60114B00229A60DF
:107CF0000F4B0022DA600E4B00221A610C4B0C2253
:107D00005A610B4B00229A61094B0022DA61084B41
:107D100000221A62064B00225A620548FAF79EFFBB
:107D20000346002B01D0FFF72DFE00BF80BD00BF32
:107D3000EC9500200044004080B500AF144B154A7C
:107D40001A60134B4FF461225A60114B00229A6063
:107D50000F4B0022DA600E4B00221A610C4B0C22F2
:107D60005A610B4B00229A61094B0022DA61084BE1
:107D700000221A62064B00225A620548FAF76EFF8B
:107D80000346002B01D0FFF7FDFD00BF80BD00BF03
:107D9000749600200048004080B500AF144B154A8F
:107DA0001A60134B4FF4E1325A60114B00229A6073
:107DB0000F4B0022DA600E4B00221A610C4B0C2292
:107DC0005A610B4B00229A61094B0022DA61084B81
:107DD00000221A62064B00225A620548FAF73EFF5B
:107DE0000346002B01D0FFF7CDFD00BF80BD00BFD3
:107DF000FC9600200014014080B5B8B000AF786058
:107E000007F1CC0300221A605A609A60DA601A61A6
:107E100007F1480384220021184607F00DF87B681B
:107E20001B68A64A934244D14FF40063BB6400230D
:107E3000C7F8A03007F148031846F9F7C7FC034616
:107E4000002B01D0FFF79EFD9D4B5B6C9C4A43F0DD
:107E5000200353649A4B5B6C03F020037B647B6CC0
:107E6000974B1B6B964A43F004031363944B1B6BB5
:107E700003F004033B643B6CC023C7F8CC300223FF
:107E8000C7F8D0300023C7F8D4300323C7F8D83060
:107E90000823C7F8DC3007F1CC0319468948FAF704
:107EA00085F8002206214720F8F7F2FE4720F8F770
:107EB0000BFF7B681B68844A934246D14FF40073E2
:107EC000BB640023C7F8983007F148031846F9F758
:107ED0007DFC0346002B01D0FFF754FD784B1B6C53
:107EE000774A43F400231364754B1B6C03F400239F
:107EF000FB63FB6B724B1B6B714A43F00403136310
:107F00006F4B1B6B03F00403BB63BB6B4FF440630D
:107F1000C7F8CC300223C7F8D0300023C7F8D430DC
:107F20000323C7F8D8300823C7F8DC3007F1CC03A7
:107F300019466448FAF73AF8002206213420F8F787
:107F4000A7FE3420F8F7C0FE3FE27B681B685F4A5B
:107F5000934267D14FF48063BB640023C7F89C3021
:107F600007F148031846F9F731FC0346002B01D00E
:107F7000FFF708FD524B1B6C514A43F48013136406
:107F80004F4B1B6C03F480137B637B6B4C4B1B6B65
:107F90004B4A43F004031363494B1B6B03F0040388
:107FA0003B633B6B464B1B6B454A43F00803136333
:107FB000434B1B6B03F00803FB62FB6A4FF48053D7
:107FC000C7F8CC300223C7F8D0300023C7F8D4302C
:107FD0000323C7F8D8300823C7F8DC3007F1CC03F7
:107FE00019463848F9F7E2FF0423C7F8CC300223DA
:107FF000C7F8D0300023C7F8D4300323C7F8D830EF
:108000000823C7F8DC3007F1CC0319463048F9F7EC
:10801000CDFF002206213520F8F73AFE3520F8F78B
:1080200053FED2E17B681B682A4A934256D14FF433
:108030000053BB640023C7F8A83007F14803184673
:10804000F9F7C4FB0346002B01D0FFF79BFC1C4B48
:108050001B6C1B4A43F000431364194B1B6C03F069
:108060000043BB62BB6A164B1B6B154A43F01003FF
:108070001363134B1B6B03F010037B627B6A0323B8
:10808000C7F8CC300223C7F8D0300023C7F8D4306B
:108090000323C7F8D8300823C7F8DC3007F1CC0336
:1080A00019460D48F9F782FF002206215320F8F700
:1080B000EFFD5320F8F708FE87E100BF00140140F0
:1080C0000038024000080240004C004000500040D0
:1080D000000C0240007C0040001002407B681B68DE
:1080E0005D4A93423DD14023BB640023C7F88C30E6
:1080F00007F148031846F9F769FB0346002B01D046
:10810000FFF740FC554B5B6C544A43F0100353643B
:10811000524B5B6C03F010033B623B6A4F4B1B6B93
:108120004E4A43F0010313634C4B1B6B03F00103F6
:10813000FB61FB694FF4C063C7F8CC300223C7F87A
:10814000D0300023C7F8D4300323C7F8D830072332
:10815000C7F8DC3007F1CC0319464148F9F726FF90
:1081600033E17B681B683F4A934240F08380802361
:10817000BB640023C7F8903007F148031846F9F7AD
:1081800025FB0346002B01D0FFF7FCFB334B1B6C98
:10819000324A43F400331364304B1B6C03F4003356
:1081A000BB61BB692D4B1B6B2C4A43F00803136367
:1081B0002A4B1B6B03F008037B617B696023C7F8C4
:1081C000CC300223C7F8D0300023C7F8D4300323C3
:1081D000C7F8D8300723C7F8DC3007F1CC031946BD
:1081E0002148F9F7E3FE214B214A1A601F4B4FF05B
:1081F00000625A601D4B00229A601C4B0022DA601C
:108200001A4B4FF480621A61184B00225A61174BC7
:1082100000229A61154B4FF48072DA61134B0022F1
:108220001A62124B00225A621048FAF783F803468A
:10823000002B01D0FFF7A6FB7B680C4A5A670B4A5C
:108240007B689363002205212620F8F721FD262074
:10825000F8F73AFDB9E000BF0010014000380240D5
:108260000000024000440040000C024084970020BF
:10827000886002407B681B68564A934240F0A580A4
:108280004FF48073BB640023C7F8943007F14803B0
:108290001846F9F79BFA0346002B01D0FFF772FB53
:1082A0004D4B1B6C4C4A43F4802313644A4B1B6CAC
:1082B00003F480233B613B69474B1B6B464A43F009
:1082C00002031363444B1B6B03F00203FB60FB6868
:1082D0004FF44063C7F8CC300223C7F8D0300023F6
:1082E000C7F8D4300323C7F8D8300723C7F8DC30E9
:1082F00007F1CC0319463948F9F758FE384B394A8B
:108300001A60374B4FF000625A60354B00229A607A
:10831000334B0022DA60324B4FF480621A61304BEB
:1083200000225A612E4B00229A612D4B4FF480722D
:10833000DA612B4B4FF400321A62294B00225A6249
:108340002748F9F7F7FF0346002B01D0FFF71AFB88
:108350007B68234A5A67224A7B689363224B234AED
:108360001A60214B4FF000625A601F4B40229A6006
:108370001D4B0022DA601C4B4FF480621A611A4BCD
:1083800000225A61184B00229A61174B0022DA61D1
:10839000154B4FF400321A62134B00225A621248F6
:1083A000F9F7C8FF0346002B01D0FFF7EBFA7B6813
:1083B0000D4A1A670C4A7B68936300220521272027
:1083C000F8F766FC2720F8F77FFC00BFE037BD46D2
:1083D00080BD00BF00480040003802400004024059
:1083E000E497002028600240449800205860024032
:1083F00080B400AF00BFFDE780B400AF00BFFDE771
:1084000080B400AF00BFFDE780B400AF00BFFDE760
:1084100080B400AF00BFFDE780B400AF00BFBD4631
:108420005DF8047B7047000080B500AF0248FAF7A2
:1084300021F900BF80BD00BFE497002080B500AFE8
:108440000248FAF717F900BF80BD00BF449800202A
:1084500080B500AF0248FAF70DF900BF80BD00BF3C
:108460008497002080B500AF0248FAF757FE00BF9E
:1084700080BD00BFEC95002080B500AF0248FAF740
:108480004DFE00BF80BD00BF7496002080B500AFD8
:108490000248FAF743FE00BF80BD00BFCC93002026
:1084A00080B500AF0248FAF739FE00BF80BD00BFBB
:1084B0005494002080B500AF0248F8F73DF900BFA2
:1084C00080BD00BFA498002080B500AF0248FAF735
:1084D00025FE00BF80BD00BFDC94002080B500AF4A
:1084E0000248FAF71BFE00BF80BD00BFFC960020CB
:1084F00080B582B000AF114B1B6C104A43F0805323
:1085000013640E4B1B6C03F080537B607B680B4B3A
:108510005B6C0A4A43F480435364084B5B6C03F47E
:1085200080433B603B6800220F216FF00100F8F7A9
:10853000AFFB00BF0837BD4680BD00BF003802401A
:1085400080B58EB000AF78600023FB620023BB6271
:10855000334B1B6C324A43F010031364304B1B6CDB
:1085600003F01003FB60FB6807F1100207F114032E
:1085700011461846F9F7F8F83B6AFB62FB6A002BD4
:1085800003D1F9F7C9F8786304E0F9F7C5F80346B1
:108590005B007B637B6B234AA2FB03239B0C013BA9
:1085A000BB62214B214A1A601F4B40F2E732DA606E
:1085B0001D4ABB6A53601C4B00221A611A4B0022F1
:1085C0009A60194B00229A611748F7F7DBFF0346C0
:1085D00087F8333097F83330002B1BD11248F8F767
:1085E00033F8034687F8333097F83330002B11D136
:1085F0003620F8F769FB7B680F2B08D800227968D2
:108600003620F8F745FB0A4A7B68136002E0012335
:1086100087F8333097F8333018463837BD4680BD79
:108620000038024083DE1B43A49800200010004065
:1086300004000020DFF834D0F7F792FF0C480D4912
:108640000D4A002302E0D458C4500433C4188C42AD
:10865000F9D30A4A0A4C002301E013600432A24213
:10866000FBD306F009FCFFF7B7F8704700000520C0
:1086700000000020A0000020F0F30008A00000206F
:10868000A4A10020FEE7000080B483B000AF1D4B22
:10869000DB681C4A43F08073D3601B4B1B4AC3F852
:1086A000B02FBFF34F8F00BFBFF36F8F00BF164BCC
:1086B00000225A60144B1B68134A43F001031360F5
:1086C000BFF34F8F00BFBFF36F8F00BF0E4B5B68D0
:1086D0007B6000BF00BF00BF00BF00BF00BF00BF86
:1086E00000BF094B5B683B603A687B689A4214BFE5
:1086F00001230023DBB218460C37BD465DF8047B2E
:10870000704700BFF0ED00E0001000E055CEACC5B2
:1087100080B483B000AF00237B60384A384B9A4264
:1087200003D17B6843F001037B60364A334B9A42A6
:1087300003D0344A324B9A4203D17B6843F00103A1
:108740007B602F4B1B6F002B04D02D4B1B6FDB6905
:10875000002B03D07B6843F020037B602A4B5B69CE
:1087600003F48033002B03D07B6843F040037B602D
:10877000224B5B68B3F5165F03D07B6843F00403BC
:108780007B601F4B5B68B3F5612F03D07B6843F0C0
:1087900002037B60194B5B6F002B04D17B6843F0B5
:1087A00008037B6009E0154B5B6FDB69B3F5807FE5
:1087B00003D07B6843F010037B60144A0F4B9A424E
:1087C00007D0124A0E4B9A4203D0104A0D4B9A42E0
:1087D00003D17B6843F001037B600C4B5B68B3F50E
:1087E000E13F03D07B6843F080037B607B681846E1
:1087F0000C37BD465DF8047B704700BFEC95002048
:10880000749600205494002000ED00E0CC930020EA
:1088100080B592B000AF786187ED040AC7ED030A16
:1088200087ED021AC7ED011A7B69184630231A46F4
:10883000002106F001FBD7ED047AF0EEE77A9FED18
:10884000627AF4EE477AF1EE10FA3CD8D7ED037A6B
:10885000F0EEE77A9FED5C7AF4EE477AF1EE10FAEB
:1088600031D8D7ED027AF0EEE77A9FED577AF4EE41
:10887000477AF1EE10FA26D8D7ED017AF0EEE77AD2
:108880009FED517AF4EE477AF1EE10FA1BD8D7ED4E
:10889000047AF5EEC07AF1EE10FA14D9D7ED037A26
:1088A000F5EEC07AF1EE10FA0DD9D7ED027AF5EEB9
:1088B000C07AF1EE10FA06D9D7ED017AF5EEC07A5A
:1088C000F1EE10FA01D8002379E07B693A691A6069
:1088D0007B697A68DA61D7ED047AB1EE007A27EE27
:1088E000877AB7EE006AD7ED027AC6EE276AF7EE0E
:1088F000005A97ED016AC5EE867A76EEA77ADFED2B
:10890000336A67EEA67AC7EE276AB0EE660A05F00C
:10891000FFFAF0EE407AF0EE670A97ED030A05F0F1
:10892000C6FBF0EE407A7B69C3ED017A7B69D3ED3B
:10893000017A9FED267A67EE876AD7ED027A37EEE5
:10894000A77AC6EE877A7B69C3ED027A7B69D3ED9D
:10895000017A9FED1E7A67EE876AD7ED017A37EECE
:10896000A77AC6EE877A7B69C3ED047A7B69D3ED7B
:10897000017AB6EE007A27EE877A7B69D3ED026A38
:108980007B69D3ED047A76EEA77A67EE277A97EDC6
:10899000047A37EE677A7B69D3ED017AC7EE276AEE
:1089A000DFED0B0AB0EE660A05F064FBF0EE407AEC
:1089B0007B69C3ED037A7B6901221A76012318468D
:1089C0004837BD4680BD00BFFFFF7F7FDB0F4940BA
:1089D0000000000080B52DED028B92B000AF7861F1
:1089E00087ED040AC7ED030A87ED021AC7ED011AE5
:1089F00087ED002A7B691B7E83F00103DBB2002B2D
:108A000044D1D7ED047AF0EEE77A9FEDAA7AF4EE3E
:108A1000477AF1EE10FA39D8D7ED047AF5EEC07A3C
:108A2000F1EE10FA32D9D7ED037AF0EEE77A9FED46
:108A3000A17AF4EE477AF1EE10FA27D8D7ED027A50
:108A4000F0EEE77A9FED9B7AF4EE477AF1EE10FABA
:108A50001CD8D7ED017AF0EEE77A9FED967AF4EE26
:108A6000477AF1EE10FA11D8D7ED007AF0EEE77AF6
:108A70009FED907AF4EE477AF1EE10FA06D8D7ED32
:108A8000007AF5EEC07AF1EE10FA02D5DFED8B7ABE
:108A900091E17B6993ED007AD7ED037A77EE677AFF
:108AA000C7ED0E7AD7ED0E7AB6EE007AF4EEC77AFD
:108AB000F1EE10FA05D87B6900221A76DFED7F7A95
:108AC00079E17B6993ED057AD7ED047A77EE277A21
:108AD0007B69C3ED057A7B6993ED057A7B69D3EDFC
:108AE000027AB4EEE77AF1EE10FA1FD57B69D3ED86
:108AF000017AB6EE007A27EE878A7B69D3ED057A94
:108B00009FED6D7A27EE877A7B69D3ED027AC7EE07
:108B1000276AB0EE660A05F019FAF0EE407AB7EE71
:108B2000007A77EE677A68EE277A02E07B69D3ED08
:108B3000017AC7ED0D7AD7ED010A97ED020A05F02B
:108B400099FAF0EE407ADFED5D0AB0EE670A05F0C3
:108B500091FA87ED0C0AD7ED000A97ED040A05F0AB
:108B600089FAB0EE407AD7ED0C7A67EE877AC7EDD6
:108B70000B7AD7ED0C7A9FED507A27EE877AD7EDF6
:108B80000C7A67EE276A7B69D3ED077AB1EE007A3B
:108B900027EE877AC6EE877AC7ED0A7A7B6993F863
:108BA000283083F00103DBB2002B2ED0D7ED0C7AF6
:108BB000F5EEC07AF1EE10FA27DD97ED0A7AD7EDDF
:108BC0000B7A77EE277A97ED0E7AB4EEE77AF1EE2C
:108BD00010FA1AD87B69012283F8282097ED0E7AC3
:108BE000D7ED0B7A77EE677AF6EE000AB0EE670AF9
:108BF00005F040FAF0EE407A7B69C3ED087A7B69B4
:108C00003A6B5A627B693A6BDA627B6993F8283077
:108C1000002B00F0BD807B6993ED087AD7ED0E6ADA
:108C2000C6EE877AB7EE007A77EE677AF7EE000A3B
:108C3000B0EE670A05F03BFAF0EE407ADFED1F0A6E
:108C4000B0EE670A05F016FA87ED090A4FF0000347
:108C50007B644FF07E533B640023FB6335E097ED6C
:108C6000117AD7ED107A77EE277AB6EE007A67EEB2
:108C7000877AC7ED067AD7ED067A9FED0F7A67EE11
:108C8000877AB0EE670A05F0A5F9F0EE407ADFEDDD
:108C90000A6A87EEA67AD7ED067A77EE277A97EDFD
:108CA000097AB4EEE77AF1EE10FA09DDBB697B646C
:108CB00008E000BFFFFF7F7FDB0F4940000000009E
:108CC000BB693B64FB6B0133FB63FB6B132BC6DDA2
:108CD0007B69D3ED097AB6EE007A27EE878A97EDA5
:108CE000117AD7ED107A77EE277A1FED0D7A67EEBD
:108CF000877AB6EE007A67EE877AB0EE670A05F0FB
:108D000025F9F0EE407AB7EE007A77EE877A68EED2
:108D1000277AC7ED0D7A7B69D3ED017AF1EE040A6B
:108D2000B0EE670A05F0C3F987ED080A5FED1D0A8A
:108D300097ED020A05F09EF9F0EE407AF0EE670A30
:108D400097ED080A05F096F987ED070A7B6993ED20
:108D50000B8AD7ED0D0A97ED080A05F08BF9F0EEB6
:108D6000407AF0EE670A97ED070A05F0A0F9F0EEF9
:108D7000407AF0EE670AB0EE480A05F098F9F0EE96
:108D8000407A7B69C3ED0B7A7B69D3ED0B7A12E0F5
:108D90007B69D3ED017AF1EE040AB0EE670A05F0C3
:108DA00086F9F0EE407AF0EE670A97ED0D0A05F0CD
:108DB00061F9F0EE407AB0EE670A4837BD46BDEC87
:108DC000028B80BD80B483B000AF78607B689B6805
:108DD0005A1C7B689A607B685B7BFF2B05D07B68A5
:108DE0005B7B0133DAB27B685A737B6800221A73AB
:108DF00000BF0C37BD465DF8047B704780B586B078
:108E000000AFF86087ED020AC7ED010A87ED001A8E
:108E1000D7ED027AF0EEE77A9FED617AF4EE477AC9
:108E2000F1EE10FA8CBF01230023DBB283F00103C3
:108E3000DBB2002B1FD0D7ED017AF0EEE77A9FED81
:108E4000587AF4EE477AF1EE10FA8CBF0123002332
:108E5000DBB283F00103DBB2002B0CD0D7ED017A3B
:108E6000F0EEE77A9FED4F7AF4EEC77AF1EE10FA62
:108E700001D8012300E00023FB75FB7D03F0010313
:108E8000FB75FB689B7B002B4CD0FB68D3ED007A15
:108E900097ED027A77EE677ADFED430AB0EE670A64
:108EA00005F018F887ED040AFB7D002B34D0D7EDD0
:108EB000007A9FED3E7AF4EEC77AF1EE10FA2BDBE2
:108EC000D7ED007A9FED3A7AF4EEC77AF1EE10FA18
:108ED00022D897ED017AD7ED007A67EE277A97EDE1
:108EE000047A77EE677AB0EEE77AD7ED016AD7EDCC
:108EF000007A66EEA77AF0EEE77AF5EE006A67EEA2
:108F0000A67AF2EE006A77EEA67AB4EEE77AF1EE90
:108F100010FA01D8012300E00023FB75FB7D03F06C
:108F20000103FB75D7ED027AF0EEE77A9FED1C7A2C
:108F3000F4EE477AF1EE10FA8CBF01230023DBB286
:108F400083F00103DBB2002B05D0FB68BA681A601E
:108F5000FB6801229A73FB7D83F00103DBB2002BD7
:108F60000CD0FB685B685A1CFB685A60FB680022E7
:108F70001A73FB6803225A7300230DE0FB6800227A
:108F80005A73FB681B7B042B05D8FB681B7B0133E2
:108F9000DAB2FB681A73012318461837BD4680BD44
:108FA000FFFF7F7F000034440000B4438FC2753C54
:108FB000EC51383E80B483B000AF78607B685B7B57
:108FC000022B06D87B689B7B83F00103DBB2002B6E
:108FD00001D0002306E07B681B7B042B01D9022310
:108FE00000E0012318460C37BD465DF8047B70474E
:108FF00080B52DED028B88B000AF87ED070AC7ED75
:10900000060A87ED051AC7ED041A87ED032AC7ED96
:10901000022A87ED013A3860D7ED077AF0EEE77A59
:109020009FED2C7AF4EEC77AF1EE10FA02D54FF0EC
:109030000003FB613B6893ED007AD7ED076AD7ED3B
:10904000057A66EEA77A77EE277AF6EE000AB0EE9A
:10905000670A05F02CF8F0EE407AFEEE000AB0EE5A
:10906000670A05F007F8F0EE407A3B68C3ED007A36
:10907000D7ED017AB1EE678A97ED047AD7ED077ADA
:1090800027EE277A3B68D3ED006AD7ED037A66EEC8
:10909000A77A37EE277AD7ED026AD7ED067A66EE21
:1090A000A77A77EE677AF0EE670A97ED010A04F087
:1090B000FEFFF0EE407AF0EE670AB0EE480A04F0E8
:1090C000D9FFF0EE407AB0EE670A2037BD46BDEC1E
:1090D000028B80BDFAEDEB3980B58CB000AFB0EEFD
:1090E000407AF0EE607A786187ED041AC7ED031AD2
:1090F00087ED022AC7ED012A87ED067AC7ED077AC8
:10910000D7ED067AF5EEC07AF1EE10FA06D9D7ED72
:10911000077AF5EEC07AF1EE10FA02D8DFED1A7A8E
:109120002DE007F1200397ED067AD7ED077A19466F
:109130007869B0EE470AF0EE670A04F05BFD97ED40
:10914000097AD7ED097AF5EEC07AF1EE10FA02DB72
:10915000D7ED047A01E0D7ED037A67EE877AC7EDA1
:109160000B7A97ED087AD7ED027A27EE277AD7EDBA
:109170000B6AD7ED017A66EEA77A77EE277AB0EE22
:10918000670A3037BD4680BD0000000080B52DED78
:10919000028B96B000AFB0EE407AF0EE607AF862E3
:1091A00087ED0A1AC7ED091A87ED082AC7ED072AC5
:1091B00087ED063AC7ED053A396187ED0C7AC7EDC0
:1091C0000D7A07F13C0300221A605A609A60D7EDCD
:1091D0000C7AF5EEC07AF1EE10FA16D9D7ED0D7AC9
:1091E000F5EEC07AF1EE10FA0FD9D7ED057AF5EE6B
:1091F000C07AF1EE10FA08D9D7ED057A9FED4D7AD5
:10920000F4EEC77AF1EE10FA07DD07F1480307F133
:109210003C0207CA83E8070077E097ED0C7AD7EDA8
:109220000D7A3969F86AB0EE470AF0EE670A04F081
:10923000E1FC3B69043393ED007A3B690433D3EDE1
:10924000007AF5EEC07AF1EE10FA02DBD7ED097A7A
:1092500001E0D7ED087A67EE877AC7ED157A97EDCA
:109260000A0A04F073FEB0EE407A3B69D3ED007A4F
:1092700027EE278A97ED0A0A04F0ACFEB0EE407A9A
:10928000D7ED157A67EE277A38EE677AD7ED057A4B
:1092900067EE277AC7ED0F7A97ED0A0A04F09AFE77
:1092A000B0EE407A3B69D3ED007A27EE278A97ED3E
:1092B0000A0A04F04BFEB0EE407AD7ED157A67EE5D
:1092C000277A38EE277AD7ED057A67EE277AC7ED49
:1092D000107A3B6993ED007AD7ED077A27EE277A6B
:1092E000D7ED156AD7ED067A66EEA77A37EE277ABC
:1092F000D7ED057A67EE277AC7ED117A07F14803B3
:1093000007F13C0207CA83E80700B96CFA6C3B6DB1
:1093100006EE901A07EE102A07EE903AB0EE660AB3
:10932000F0EE470AB0EE671A5837BD46BDEC028B27
:1093300080BD00BFCDCC4C3D80B400AF034B5B681B
:109340001846BD465DF8047B704700BF001000E082
:1093500080B483B000AF786039607A683B68D31A14
:1093600018460C37BD465DF8047B704780B483B067
:1093700000AF78607B6807EE903AB8EE677A084BEA
:109380001B6807EE903AF8EE677AC7EE276AF0EEB0
:10939000667AB0EE670A0C37BD465DF8047B70470D
:1093A0000000002080B582B000AF786039607A6834
:1093B0003B68D31A1846FFF7D9FFF0EE407AB0EEBB
:1093C000670A0837BD4680BD2DE9B04F84B000AFB5
:1093D000F860F96800200C460546204629464FF003
:1093E000000A4FF0000B4FEA411B4BEAD06B4FEAEB
:1093F000401A50465946021B61EB05034FF000002E
:109400004FF00001990041EA9271900002460B462C
:1094100012EB040843EB05094FF000024FF0000384
:109420004FEAC90343EA58734FEAC8029046994687
:1094300040464946084B1B6800223B607A60D7E9EA
:109440000023F6F7E5FE02460B4613461846103792
:10945000BD46BDE8B08F00BF0000002080B485B0DD
:1094600000AF78607B681B781AB27B6801331B7889
:109470001BB21B021BB213431BB2FB81B7F90E30A8
:1094800018461437BD465DF8047B704780B485B03C
:1094900000AF78600023FB730023BB6009E07A68AB
:1094A000BB6813441A78FB7B1344FB73BB6801331E
:1094B000BB60BB68092BF2D97B680A331B78FA7B47
:1094C0009A420CBF01230023DBB218461437BD4675
:1094D0005DF8047B7047000080B485B000AF0E4B90
:1094E0005B6FBB60BB68002B01D100230DE0BB6844
:1094F0001B685B68FB80FB88C3F58073FB81FB897D
:10950000FF2B01D90023FB81FB8918461437BD4688
:109510005DF8047B704700BFEC95002080B483B0F9
:1095200000AF03460A46FB801346BB80BA88FB881F
:109530009A4204D3BA88FB88D31A9BB206E0BA8851
:10954000FB88D31A9BB203F580739BB218460C3785
:10955000BD465DF8047B704780B485B000AF03461C
:109560000A46FB801346BB80FA88BB881344FB8104
:10957000FB89FF2B02D9FB89DBB2FB81FB89044A03
:10958000D35C18461437BD465DF8047B704700BFB6
:109590002099002080B483B000AF03460A46FB80C8
:1095A0001346BB80FA88BB881344FB80FB88FF2BE3
:1095B00002D9FB88DBB2FB80FB8818460C37BD461E
:1095C0005DF8047B704790B585B000AF0346396005
:1095D000FB800023FB600DE0FB6899B23A68FB68F2
:1095E000D418FB881846FFF7B7FF03462370FB68C3
:1095F0000133FB60FB680A2BEED900BF00BF1437B4
:10960000BD4690BD80B586B000AF786039607B689C
:1096100002331846FFF722FF0346FB827B680433C0
:109620001846FFF71BFF0346BB827B6806331846CC
:10963000FFF714FF03467B824FF06853FB60B7F9D6
:10964000163007EE903AB8EEE77AD7ED037A67EE78
:10965000277A164BC3ED007AB7F9143007EE903A2B
:10966000B8EEE77AD7ED037A67EE277A0F4BC3EDB2
:10967000017AB7F9123007EE903AB8EEE77AD7EDF3
:10968000037A67EE277A094BC3ED027A074A3B68F3
:10969000D362064B012283F83820044B1B6C013344
:1096A000024A136400BF1837BD4680BD249A0020CB
:1096B00080B586B000AF786039607B6802331846A9
:1096C000FFF7CCFE0346FB827B6804331846FFF7A6
:1096D000C5FE0346BB827B6806331846FFF7BEFE15
:1096E00003467B821C4BFB60B7F9163007EE903ABD
:1096F000B8EEE77AD7ED037A67EE277A174BC3ED1A
:10970000037AB7F9143007EE903AB8EEE77AD7ED5E
:10971000037A67EE277A114BC3ED047AB7F912305A
:1097200007EE903AB8EEE77AD7ED037A67EE277A3C
:109730000A4BC3ED057A094A3B681363074B0122C4
:1097400083F83920054B5B6C0133044A536400BF36
:109750001837BD4680BD00BF00007A3D249A002026
:1097600080B586B000AF786039607B6802331846F8
:10977000FFF774FE0346FB827B6804331846FFF74D
:109780006DFE0346BB827B6806331846FFF766FE14
:1097900003467B82394BFB60B7F9123007EE903AF3
:1097A000B8EEE77AD7ED037A67EE277A344BC3ED4C
:1097B000097A334B9B6A0133314A9362314B1B6800
:1097C00019463868FFF7EEFD87ED020A2D4A3B681F
:1097D0001360B7F9123007EE903AB8EEE77AD7ED9A
:1097E000037A67EE277A264B93ED057A97ED021AF6
:1097F000F0EE470AB0EE670A2348FFF7FFFA034688
:1098000083F00103DBB2002B33D1B7F9163007EE3A
:10981000903AB8EEE77AD7ED037A67EE277A184BDD
:10982000C3ED067AB7F9143007EE903AB8EEE77A4E
:10983000D7ED037A67EE277A114BC3ED077AB7F9B4
:10984000123007EE903AB8EEE77AD7ED037A67EE7A
:10985000277A0B4BC3ED087A094A3B685363084BE0
:10986000012283F83A20064B9B6C0133044A93642F
:1098700000E000BF1837BD4680BD00BF0000B43B0C
:10988000249A002000990020F098002080B584B030
:1098900000AF7860FFF750FDF8601D4B7A685C33CD
:1098A0001068516803C31189927A19809A707B6895
:1098B00001331A78164B83F867207B6801331B78D5
:1098C000532B10D0532B13DC512B02D0522B05D02D
:1098D0000EE0F9687868FFF795FE0FE0F9687868A0
:1098E000FFF7E6FE0AE0F9687868FFF739FF05E060
:1098F000074B5B6D0133064A536500BF044BDB6BBE
:109900000133034AD36300BF1037BD4680BD00BF9B
:10991000249A002080B400AF0A4B93F87030002BDB
:1099200007D0084B5B6C084A1360064B9B6C074AD8
:109930001360044B002283F8702000BFBD465DF821
:10994000047B7047249A00209C9A0020A09A002053
:1099500080B586B000AF7860384B93F8393083F02B
:109960000103DBB2002B07D1344B93F83A3083F07C
:109970000103DBB2002B02D0FFF7CCFF5AE02F4BE4
:109980001B6B19467868FFF7E3FC78612B4B5B6B28
:1099900019467868FFF7DCFC38617869FFF714FD39
:1099A0000346264A93663869FFF70EFD0346234AAD
:1099B000D366224B93F87030002B1DD11F4B5A6C8D
:1099C0001F4B1B689A428CBF01230023FB731B4B68
:1099D0009A6C1C4B1B689A428CBF01230023BB73FB
:1099E000FB7B83F00103DBB2002B22D1BB7B83F036
:1099F0000103DBB2002B1CD1104B9B6E502B08D8FF
:109A00000E4BDB6E502B04D80C4B022283F87020D7
:109A100010E00A4B9B6EB42B08D8084BDB6EB42BBE
:109A200004D8064B012283F8702003E0FFF772FF91
:109A300000E000BF1837BD4680BD00BF249A00205B
:109A40009C9A0020A09A002080B582B000AF10221E
:109A500000211B4805F0F0F91A4B00221A60782209
:109A60000021194805F0E8F94FF4807200211748E9
:109A700005F0E2F9164B00221A80134B002283F8FE
:109A80007020144B00221A60134B00221A60134BF3
:109A90005B6F002B01D100230DE04FF480720B4966
:109AA0000E48F9F747FA0346FB71FB79002B01D00A
:109AB000002300E0012318460837BD4680BD00BFE3
:109AC000F098002000990020249A0020209900207E
:109AD000209A00209C9A0020A09A0020EC9500205B
:109AE00080B584B000AFFFF7F7FC0346FB814C4A1A
:109AF000FB89A2F85A304B4B1B88FA89114618464D
:109B0000FFF70CFD0346BB81BB89012B4ED9454BAA
:109B10001B8800211846FFF71FFD0346552B0FD069
:109B2000404B1B8801211846FFF734FD03461A46B7
:109B30003C4B1A803A4B1B6D0133394A136564E084
:109B4000BB890A2B34D9374B1B883A461146184635
:109B5000FFF739FD3B461846FFF798FC034683F0B4
:109B60000103DBB2002B12D02D4BDB6C01332C4AEE
:109B7000D3642D48FFF726F92A4B1B88012118468C
:109B8000FFF708FD03461A46264B1A803DE03B4688
:109B90001846FFF77BFE234B1B880B211846FFF767
:109BA000F9FC03461A461F4B1A80A4E700BF00E0E9
:109BB00000BF1C4B1A881A4BA3F85820184B93F877
:109BC0007120174B83F87020FFF7B6FB0346184649
:109BD000FFF7BEFE124B93F87020114B83F87120F3
:109BE0001148FFF7E7F90346DAB20D4B83F872200C
:109BF0000D4B5B680A4A5367094B93F87220084B78
:109C000093F870309A4201D306E074E7044B93F85E
:109C10007220034B83F8702000BF1037BD4680BD13
:109C2000249A0020209A0020F098002080B400AFF1
:109C3000024B1846BD465DF8047B7047249A00200D
:109C400080B485B000AF7860084611461A460346D6
:109C5000FB700B463B801346BB70B7F90030002BFE
:109C600003DA3B885B429BB200E03B88FB81FB89C7
:109C700040F6B832934202D940F6B833FB81FB89F3
:109C80001A46920013445B00FB817B68FA781A70D5
:109C90007B680133F6221A703B88DB0BDAB27B68F3
:109CA00002331A70FB891B0A9AB27B680333D2B263
:109CB0001A707B680433FA89D2B21A707B68053354
:109CC000BA781A707B68063301221A707B680733F2
:109CD0006B221A7000BF1437BD465DF8047B7047D5
:109CE00080B483B000AF78607B6800221A707B6814
:109CF0000133FF221A707B68023366221A707B6878
:109D000003336B221A7000BF0C37BD465DF8047B2D
:109D10007047000080B588B000AFF860B9607A6025
:109D20003B60FB68002B08D07B68002B05D03B68AC
:109D3000002B02D0BB68242B01D8002377E000233E
:109D4000FB6139E0FB697A6813441B78002B18D05B
:109D5000FB697A6813441B78F72B12D8FB695B0008
:109D60003A681344B3F90030334A934209DBFB6984
:109D70005B003A681344B3F9003040F6B8329342BE
:109D800001DD002353E00023BB610EE0FB697A682C
:109D900013441A78BB6979680B441B789A4201D145
:109DA000002344E0BB690133BB61BA69FB699A4295
:109DB000ECDBFB690133FB61FB69032BC2DDFB6854
:109DC00000221A70FB680133AA221A70FB68023362
:109DD00000221A70FB68033325221A7000237B616E
:109DE0001DE07B69DB0004331A46FB6898187B6929
:109DF0007A68134419787B695B003A681344B3F9B5
:109E0000002097F82830FFF71BFF7B69DB000A333F
:109E1000FA68134400221A707B6901337B617B6905
:109E2000032BDEDDFB6824336B221A7025231846D2
:109E30002037BD4680BD00BF48F4FFFF80B58AB023
:109E400000AFF86087ED020A0B46FB71FB7983F0E7
:109E50000103DBB2002B0AD1D7ED027AF0EEE77AEC
:109E60009FED1D7AF4EE477AF1EE10FA06D9FB6801
:109E70001A4600231360536093602AE0FB681B7A44
:109E800083F00103DBB2002B09D0FB68BA681A60CB
:109E9000FB68BA685A60FB6801221A7219E0FB6815
:109EA000D3ED017A97ED027A77EE677ADFED0B0A50
:109EB000B0EE670A04F00EF8B0EE407AFB68D3ED1E
:109EC000007A77EE277AFB68C3ED007AFB68BA6800
:109ED0005A602837BD4680BDFFFF7F7FDB0FC9403A
:109EE00080B483B000AF87ED010AD7ED017AF0EEC0
:109EF000E77A9FED0B7AF4EE477AF1EE10FA8CBF19
:109F000001230023DBB283F00103DBB203F0010382
:109F1000DBB218460C37BD465DF8047B704700BFC6
:109F2000FFFF7F7F80B491B000AF87ED090AC7EDD6
:109F3000080A87ED071AC7ED061A87ED052AC7ED4F
:109F4000042AD7ED087AF5EEC07AF1EE10FA02DBBA
:109F5000D7ED067A01E0D7ED057A97ED087A67EE3E
:109F6000877AC7ED0A7AD7ED097AF5EEC07AF1EE75
:109F700010FA0DDDD7ED077AF5EE407AF1EE10FA22
:109F800006D197ED047AD7ED097A67EE277A01E0DA
:109F9000DFED187AC7ED0B7AD7ED0B7AF5EE407A44
:109FA000F1EE10FA02D1D7ED0A7A05E097ED0A7AC0
:109FB000D7ED0B7A77EE277AC7ED0C7A07F13403E9
:109FC00007F1280207CA83E80700796BBA6BFB6BBD
:109FD00006EE901A07EE102A07EE903AB0EE660AE7
:109FE000F0EE470AB0EE671A4437BD465DF8047BD1
:109FF000704700BF0000000080B58EB000AFF86071
:10A0000087ED020A796011461A460B46FB7013462B
:10A01000BB70FB7883F00103DBB2002B0AD1D7EDD4
:10A02000027AF0EEE77A9FED307AF4EE477AF1EEBD
:10A0300010FA07D9FB681A46002313605360936037
:10A04000D3604EE0FB681B7B83F00103DBB2002B87
:10A0500013D0BB78002B41D0FB681A460023136055
:10A0600053609360D360FB68BA685A60FB687A6893
:10A070009A60FB6801221A7330E0FB689B687A687B
:10A080009A422DD0FB68D3ED017A97ED027A77EEF4
:10A09000677ADFED160AB0EE670A03F01BFF87ED63
:10A0A0000D0AFB6893ED007AD7ED0D7ADFED106AAB
:10A0B00067EEA67A77EE277ADFED0E0AB0EE670A32
:10A0C00003F008FFF0EE407AFB68C3ED007AFB680E
:10A0D000BA685A60FB687A689A6002E000BF00E0E4
:10A0E00000BF3837BD4680BDFFFF7F7F0000B4430F
:10A0F00035FA8E3CDB0FC94080B400AF034B5B6880
:10A100001846BD465DF8047B704700BF001000E0B4
:10A1100080B483B000AF78607B6807EE903AB8EE09
:10A12000677A084B1B6807EE903AF8EE677AC7EE3D
:10A13000276AF0EE667AB0EE670A0C37BD465DF826
:10A14000047B70470000002080B582B000AF7860CB
:10A1500039607A683B68D31A1846FFF7D9FFF0EEEA
:10A16000407AB0EE670A0837BD4680BD80B487B03C
:10A1700000AF0E4B1B680D4A92ED017A0B4AD2EDEF
:10A18000027A77EE277A3B61C7ED057A3A697B69F7
:10A1900007EE102A07EE903AB0EE470AF0EE670A93
:10A1A0001C37BD465DF8047B704700BF10000020DF
:10A1B00080B52DED028B82B000AF87ED010AC7EDAF
:10A1C000000AD7ED007AB1EE678AD7ED010A97ED64
:10A1D000000A03F06CFFF0EE407AF0EE670AB0EE92
:10A1E000480A03F047FFF0EE407AB0EE670A0837FE
:10A1F000BD46BDEC028B80BD80B588B000AF7860F5
:10A20000414B1B6819467868FFF79EFF87ED070AE8
:10A210003D4A7B681360D7ED077A9FED3C7AF4EEF8
:10A22000C77AF1EE10FA6ADCD7ED077AF0EEE77A3A
:10A230009FED377AF4EE477AF1EE10FA5FD8FFF728
:10A2400095FFB0EE407AF0EE607A87ED057AC7EDC3
:10A25000067A304BD3ED026A2F4B93ED0B6A2E4BEF
:10A26000D3ED0C5A2D4B93ED005A2D4BD3ED004AF4
:10A2700097ED057AD7ED067A2A49D7ED073AB0EE81
:10A28000643AF0EE452AB0EE652AF0EE461AB0EEDA
:10A29000661A2548B0EE470AF0EE670AFEF776FF29
:10A2A000F0EE406AB0EE607AF0EE417AC7ED026AF5
:10A2B00087ED037AC7ED047A1C4B1B7E002B09D077
:10A2C00097ED047A1A4BD3ED007A77EE277A184B84
:10A2D000C3ED007A0F4B93ED007AD7ED027A77EE5B
:10A2E000277A0C4BC3ED007A0A4B93ED017AD7ED38
:10A2F000037A77EE277A074BC3ED017A00E000BFBF
:10A300002037BD4680BD00BF349C0020CDCC4C3DE5
:10A31000FFFF7F7FA49A002010000020909B002068
:10A32000949B0020B89A0020C49A0020449B0020EF
:10A33000A89B002080B584B000AFB34B7B607B68E6
:10A3400093F83D30002B06D07B6893F83D30012B0D
:10A3500001D0002353E17B68D3ED007AF0EEE77A79
:10A360009FEDAA7AF4EE477AF1EE10FA4FD87B68A7
:10A37000D3ED017AF0EEE77A9FEDA47AF4EE477A16
:10A38000F1EE10FA43D87B68D3ED027AF0EEE77A6B
:10A390009FED9E7AF4EE477AF1EE10FA37D87B689B
:10A3A000D3ED037AF0EEE77A9FED987AF4EE477AF0
:10A3B000F1EE10FA2BD87B68D3ED007AF5EEC07A77
:10A3C000F1EE10FA23D97B68D3ED017AF5EEC07A6D
:10A3D000F1EE10FA1BD97B68D3ED027AF5EEC07A64
:10A3E000F1EE10FA13D97B68D3ED037AB7EE007A59
:10A3F000F4EEC77AF1EE10FA09D47B68D3ED037A54
:10A400009FED837AF4EEC77AF1EE10FA01DD0023B6
:10A41000F5E07B68D3ED047AF0EEE77A9FED7B7A86
:10A42000F4EE477AF1EE10FA43D87B68D3ED057A63
:10A43000F0EEE77A9FED757AF4EE477AF1EE10FAD6
:10A4400037D87B68D3ED067AF0EEE77A9FED6F7A26
:10A45000F4EE477AF1EE10FA2BD87B68D3ED077A49
:10A46000F0EEE77A9FED697AF4EE477AF1EE10FAB2
:10A470001FD87B68D3ED047AF5EEC07AF1EE10FABE
:10A4800017D47B68D3ED057AF5EEC07AF1EE10FAB9
:10A490000FD47B68D3ED067AF5EEC07AF1EE10FAB0
:10A4A00007D47B68D3ED077AF5EEC07AF1EE10FAA7
:10A4B00001D80023A3E07B68D3ED087AF0EEE77AB9
:10A4C0009FED527AF4EE477AF1EE10FA43D87B68AA
:10A4D000D3ED097AF0EEE77A9FED4C7AF4EE477A05
:10A4E000F1EE10FA37D87B68D3ED0B7AF0EEE77A0D
:10A4F0009FED467AF4EE477AF1EE10FA2BD87B689E
:10A50000D3ED0C7AF0EEE77A9FED407AF4EE477ADD
:10A51000F1EE10FA1FD87B68D3ED087AF5EEC07A19
:10A52000F1EE10FA17D97B68D3ED097AF5EEC07A0F
:10A53000F1EE10FA0FD97B68D3ED0B7AF5EEC07A05
:10A54000F1EE10FA07D97B68D3ED0C7AF5EEC07AFC
:10A55000F1EE10FA01D8002351E07B68D3ED0A7ABE
:10A56000B0EE670AFFF7BCFC034683F00103DBB2E1
:10A57000002B01D0002342E00023FB603BE07A681F
:10A58000FB68134434331B78002B17D07A68FB68C0
:10A59000134434331B78F72B10D87A68FB681344C4
:10A5A000383393F90030012B0AD07A68FB681344E2
:10A5B000383393F90030B3F1FF3F01D000231EE0A0
:10A5C0000023BB6010E07A68FB68134434331A78C8
:10A5D0007968BB680B4434331B789A4201D100235D
:10A5E0000DE0BB680133BB60BA68FB689A42EADBE6
:10A5F000FB680133FB60FB68032BC0DD01231846B9
:10A600001037BD4680BD00BF10000020FFFF7F7FD8
:10A6100000007A4490B589B002AFA14B1B78DBB241
:10A62000002B08D09F4B1B6F43F004039D4A136718
:10A6300000F02AFA30E19C4B1B78DBB2002B28D0CB
:10A64000994B00221A70994B00221A70984B1B6884
:10A65000984A1360984B1B78002B03D0974B1B78BC
:10A66000042B10D1924B1B681846FFF7C5FD8D4A8D
:10A670008C4B02F1200454330FCB84E80F008F4B36
:10A6800000221A7005E08D4B1B780133DAB28B4B38
:10A690001A70864B1B78DBB2002B1BD0FFF72CFD0A
:10A6A0000246844B1B6819461046FFF74DFDF0EE3D
:10A6B000407A9FED837AF4EEC77AF1EE10FA00DC6F
:10A6C000EAE0784B1B6F43F00403764A136700F00F
:10A6D000DBF9E1E0794B1B78002B12D0FFF70CFD82
:10A6E0000246744B1B6819461046FFF72DFDF0EE2D
:10A6F000407A9FED747AF4EEC77AF1EE10FA00F129
:10A70000C8806E4B1B78002B40F087806E4B1B7807
:10A7100083F00103DBB2002B40F0BD8000237B619E
:10A7200020E0604A7B6910339B0013440433D3ED6F
:10A73000007AFDEEE77A17EE903A9AB263497B69A8
:10A740000B44383393F900309BB212FB03F39BB2F6
:10A750001AB27B695B0018333B4423F8182C7B69E1
:10A7600001337B617B69032BDBDD584B93F83D2084
:10A77000514B1A70504B1B78002B17D13B460022CF
:10A780000092534A25215348FFF7C4FA0346524A20
:10A790001360514B1B68002B34D1424B1B6F43F0AD
:10A7A0000403404A136700F06FF975E0424B1B78D1
:10A7B000012B1ED100233B6114E03B69DB00454ABD
:10A7C0009818424A3B691344343319783B695B005B
:10A7D00018333B4433F9182C0023FFF731FA3B6957
:10A7E00001333B613B69032BE7DD3C48FFF778FA17
:10A7F00008E02C4B1B6F43F004032A4A136700F058
:10A8000043F949E0274A274B02F1540444330FCB64
:10A8100084E80F002C4B00221A70244B01221A707E
:10A82000FFF76AFC0346234A1360234B1B78002B77
:10A8300005D0224B1B78DB00264A134400E0254B51
:10A84000FB601D4B1B78002B03D1234B1B689BB275
:10A8500006E01A4B1B78042B01D1042300E00823E7
:10A860007B817B891A46F9681D48F8F7E7FA0346A9
:10A87000002B11D00D4B00221A700A4B1B6F43F0B6
:10A880000403084A1367064B01221A7000F0FCF813
:10A8900002E000BF00E000BF1C37BD4690BD00BF16
:10A8A000279C0020A49A0020259C0020269C0020A4
:10A8B000309C00202C9C00201D9D00201C9D002011
:10A8C000CDCC4C3DA69B443B289C00201000002092
:10A8D00044000020009C0020209D0020209C00209F
:10A8E0007496002080B582B000AF78607B68074A1C
:10A8F000934207D1FFF700FC0346054A1360054B5E
:10A9000001221A7000BF0837BD4680BD7496002032
:10A91000309C0020259C002080B582B000AF78607C
:10A92000786802F019FD786801F012FF7B68054A2B
:10A93000934202D1044B01221A7000BF0837BD4672
:10A9400080BD00BF74960020279C002080B582B097
:10A9500000AF7860786802F0BDFC786801F0B0FE66
:10A9600000BF0837BD4680BD80B582B000AFFDF79F
:10A970008BFE034683F00103DBB2002B01D00023E2
:10A980002EE0FDF7C5FE0346002B01D0002327E093
:10A99000FFF75AF8034683F00103DBB2002B01D026
:10A9A00000231DE0FFF7A8FB78600F4A7B68136067
:10A9B0000E4A7B6813600E4A7B68136001F05CFEF0
:10A9C000034683F00103DBB2002B01D0002307E034
:10A9D00002F0AAFAF8F736F90346064A1360012393
:10A9E00018460837BD4680BDD49B0020E09B002060
:10A9F000349C0020D09B002080B500AF1D4B93F805
:10AA00003C3083F00103DBB2002B21D1FFF792FC35
:10AA1000034683F00103DBB2002B19D1164B93F8E8
:10AA2000793083F00103DBB2002B11D1134B1B7B78
:10AA300083F00103DBB2002B0AD10F4B1B6F002BFD
:10AA400006D1FFF7F3F8034693F87030022B01D0DC
:10AA500000230CE0084B012283F87820064B9B680A
:10AA6000074A1360074B4FF000021A600123184693
:10AA700080BD00BF10000020A49A0020749B00201D
:10AA8000989B00209C9B002080B500AF02F0ECFB5F
:10AA9000134B002283F87820124B00221A70114BBE
:10AAA0001A78114B1A70114B01221A70104B0022A8
:10AAB0001A76104B4FF000021A600F4B4FF0000255
:10AAC0001A60102200210D4804F0B6F9102200216E
:10AAD0000B4804F0B1F90B4B01221A7000BF80BD86
:10AAE000A49A0020BD9B0020BC9B0020BE9B0020A0
:10AAF000449B0020B89B00209C9B0020D89A0020FB
:10AB0000E89A0020289C002080B588B000AF87ED2F
:10AB1000050AC7ED040A87ED031AC7ED021A87ED8F
:10AB2000012A334B93F8783083F00103DBB2002B1A
:10AB30001AD100F09FF80346002B15D1D7ED057A06
:10AB4000F0EEE77A9FED2B7AF4EE477AF1EE10FA09
:10AB50000AD8D7ED047AF0EEE77A9FED267AF4EE84
:10AB6000477AF1EE10FA01D900233CE0D7ED040A50
:10AB700097ED050A03F088F987ED070AD7ED011A6A
:10AB800097ED021AD7ED030A97ED070A1A48FDF769
:10AB90003FFE034683F00103DBB2002B01D000230C
:10ABA00021E0164B4FF000021A60154B00221A707C
:10ABB000144B4FF000021A60D7ED056A97ED077A43
:10ABC000C6EE877A104BC3ED007AD7ED046A97ED95
:10ABD000077AC6EE877A0D4BC3ED007A044B9B686B
:10ABE0000B4A1360012318462037BD4680BD00BFC5
:10ABF000A49A0020FFFF7F7F449B0020B89B002089
:10AC0000BE9B0020A89B0020909B0020949B0020CE
:10AC1000989B002080B400AF0E4B00221A760E4B9A
:10AC200000221A700C4B1A780C4B1A700C4B4FF018
:10AC300000021A600B4B01221A700B4B9B680B4AE7
:10AC400013600B4B4FF000021A6000BFBD465DF869
:10AC5000047B7047449B0020BD9B0020BC9B0020D0
:10AC6000B89B0020BE9B0020A49A0020989B002047
:10AC70009C9B002080B400AF0F4B1B7E002B0FD19C
:10AC80000E4B1B78002B0BD10D4B1B78002B07D1E3
:10AC90000C4BD3ED007AF5EEC07AF1EE10FA01DD3F
:10ACA000012300E0002303F00103DBB21846BD4698
:10ACB0005DF8047B704700BF449B0020BC9B0020D4
:10ACC000BD9B0020B89B002080B582B000AFFFF78D
:10ACD000D1FF0346002B01D0002344E000237B601A
:10ACE00033E0234A7B6808339B001344D3ED007A9A
:10ACF000F5EE407AF1EE10FA22D11D4A7B680C3352
:10AD00009B0013440433D3ED007AF5EE407AF1EE64
:10AD100010FA15D1174B1B78DBB2002B03D1164B61
:10AD20001B78002B0ED0124A7B6814339B0013440F
:10AD30000433D3ED007AF5EE407AF1EE10FA01D04B
:10AD4000002310E07B6801337B607B68032BC8DD48
:10AD5000F7F778FF0246094B1B68D31A4F2B8CBFBD
:10AD600001230023DBB218460837BD4680BD00BF73
:10AD7000A49A0020269C00201C9D0020D09B00202F
:10AD800080B582B000AF87ED010A214B93F878308F
:10AD900083F00103DBB2002B1AD1FFF76BFF0346F0
:10ADA000002B15D1D7ED017AF0EEE77A9FED197AF5
:10ADB000F4EE477AF1EE10FA0AD8D7ED017AF0EE08
:10ADC000E77A9FED157AF4EEC77AF1EE10FA01DD1D
:10ADD000002318E0114B93ED007AD7ED017ADFEDF7
:10ADE000106A67EEA67A77EE277A0E4BC3ED007AEB
:10ADF0000D4B01221A700D4B00221A700C4B4FF0B4
:10AE000000021A60012318460837BD4680BD00BF06
:10AE1000A49A0020FFFF7F7F0000B443849B0020A2
:10AE200035FA8E3CC09B0020BC9B0020BE9B0020BE
:10AE30009C9B002080B485B000AF87ED030AC7ED6E
:10AE4000020A87ED011A2A4B93F8783083F0010348
:10AE5000DBB2002B28D1274B1B7E002B24D1264BA5
:10AE60001B78002B20D1D7ED037AF0EEE77A9FED27
:10AE7000237AF4EE477AF1EE10FA15D8D7ED027A7C
:10AE8000F0EEE77A9FED1D7AF4EE477AF1EE10FAD4
:10AE90000AD8D7ED017AF0EEE77A9FED187AF4EE52
:10AEA000477AF1EE10FA01D900231AE0144B1B780F
:10AEB00083F00103DBB2002B03D00D4B9B68114ADA
:10AEC0001360114AFB681360104ABB681360104A94
:10AED0007B6813600A4B01221A700E4B00221A7015
:10AEE000012318461437BD465DF8047B704700BF48
:10AEF000A49A0020449B0020BC9B0020FFFF7F7F82
:10AF0000BD9B0020989B0020C49B0020C89B002074
:10AF1000CC9B0020BE9B002080B400AF024B1846A3
:10AF2000BD465DF8047B7047A49A002080B5ACB0A4
:10AF300000AF87ED050AC7ED040A87ED031AC7EDD8
:10AF4000021A87ED012A3860934B1B68194638684E
:10AF5000FFF7FAF8F0EE407A9FED907AF4EEC77AB8
:10AF6000F1EE10FA00F114818D4BDB6F202B40F0D5
:10AF70000F81894A3B681360FEF758FEC7F8AC00A2
:10AF80007B69FB613B693B62FB687B62854B5B696C
:10AF9000BB62844B9B69FB62824BDB693B63814BE9
:10AFA00093ED027ADFED806AC7EE267AC7ED0D7A5F
:10AFB0007C4B93ED0C7ADFED7C6AC7EE267AC7ED09
:10AFC0000E7A784B1B6AFB63764B5B6A3B64754B6E
:10AFD0009B6A7B64734BDB6ABB64D7F8AC3093F835
:10AFE000703007EE903AF8EE677AC7ED137A6D4B42
:10AFF0001B693B656B4B93F87830002B02D04FF008
:10B000007E5301E04FF000037B65664B1B6F07EE3C
:10B01000903AF8EE677AC7ED167A644B1B6807EE34
:10B02000903AF8EEE77AC7ED177A614B1B6807EEA6
:10B03000903AF8EE677AC7ED187AFFF71BFE0346E1
:10B04000002B04D101F0AEFF0346002B02D04FF0DD
:10B050007E5301E04FF000037B66524B93F879304A
:10B06000002B02D04FF07E5301E04FF00003BB668F
:10B07000D7F8AC305B6AFB66D7F8AC305B693B67EE
:10B08000484BDB687B67D7F8AC309B6A23F07F4383
:10B0900007EE903AF8EE677AC7ED1E7AD7F8AC3033
:10B0A0005B6C23F07F4307EE903AF8EE677AC7EDCA
:10B0B0001F7ABB68C7F880307B68C7F884303D4B87
:10B0C0001B6807EE903AF8EE677AC7ED227A394BA3
:10B0D0005B6807EE903AF8EE677AC7ED237A354B56
:10B0E0001B6907EE903AF8EE677AC7ED247A314B88
:10B0F000DB6907EE903AF8EE677AC7ED257A2D4BBB
:10B100009B6A07EE903AF8EE677AC7ED267A294BEC
:10B11000DB6A07EE903AF8EE677AC7ED277A254B9F
:10B120001B6B07EE903AF8EE677AC7ED287A214B51
:10B130009B6807EE903AF8EE677AC7ED297A8C2380
:10B14000C7F8A83007F11C03D7F8A82019461A48F9
:10B1500003F0B6FE184AD7F8A830134400221A703C
:10B16000D7F8A8300133144A0021D154D7F8A830B9
:10B170000233114A8021D154D7F8A83003330E4A44
:10B180007F21D15490220C490548F7F7B5FD00E026
:10B1900000BFB037BD4680BDE09B0020CDCC4C3D0C
:10B1A00054940020A49A002035FA8E3C109D002073
:10B1B000149D0020449F0020389C002080B400AFE4
:10B1C000044B5B6E0133034A536600BFBD465DF816
:10B1D000047B7047A49A002090B5DDB000AF07F55E
:10B1E000B873A3F5B673186007F15C034FF4807170
:10B1F000184601F0C3FAC7F86801D7F86831002B88
:10B2000018DAFFF741FCAE4B184648231A460021D6
:10B2100003F012FEAA4B012283F84420A94B6FF0E1
:10B2200004021A60A84B1B68013323F07F43A64A2F
:10B23000136041E1A24B1B6C002B16D0A34B1A6884
:10B2400007F5B873A3F5B67311461868FEF77CFFCF
:10B25000F0EE407AB6EE007AF4EEC77AF1EE10FA2C
:10B2600003DD974B012283F84420D7F86831002B87
:10B2700006DD964A07F5B873A3F5B6731B6813602D
:10B280000023C7F86C3110E107F5B873A3F58A7293
:10B29000D7F86C3113441B7807F1540219468848DB
:10B2A00001F046F9C7F86401D7F86431002B00F0CB
:10B2B000F280854B1B68013323F07F43824A136081
:10B2C000804AD7F864311360D7F86431002BC0F29C
:10B2D000E4807F4B93F87840FFF7CCFC0346002BCB
:10B2E0000BD107F5B873A3F58E731B78072B06D027
:10B2F00001F058FE0346002B01D0012300E000239B
:10B3000003F00103DAB207F154032146184601F0B5
:10B3100060F903466B4A13606A4B1B68012B40F0CF
:10B32000BE8007F5B873A3F58E731B78042B0BD181
:10B33000FFF7AAFB01F094FA614B184648231A461E
:10B34000002103F079FDB7E007F5B873A3F58E731C
:10B350001B78012B16D15E4B93F8783083F00103F4
:10B36000DBB2002B00F09C80FFF746FB034683F026
:10B370000103DBB2002B00F09380524B6FF001020F
:10B380001A608DE007F5B873A3F58E731B78062B52
:10B390000CD101F02BFE034683F00103DBB2002B3E
:10B3A0007ED0484B6FF001021A6079E007F5B87360
:10B3B000A3F58E731B78072B0CD101F055FE0346C5
:10B3C00083F00103DBB2002B6AD03E4B6FF0010229
:10B3D0001A6065E007F5B873A3F58E731B78082B28
:10B3E0000CD101F039FF034683F00103DBB2002BDF
:10B3F00056D0344B6FF001021A6051E007F5B87374
:10B40000A3F58E731B78052B0CD101F01DFF0346AD
:10B4100083F00103DBB2002B42D02A4B6FF0010214
:10B420001A603DE007F5B873A3F58E731B78022B05
:10B4300005D107F5B873A3F58E735B6801E04FF093
:10B440000003C7F8603107F5B873A3F58E731B7856
:10B45000032B05D107F5B873A3F58E735B6801E084
:10B460004FF00003C7F85C319FED1A2ADFED191A7F
:10B470009FED191AD7ED570A97ED580AFFF744FBCD
:10B48000034683F00103DBB2002B09D00D4B6FF0B4
:10B4900001021A6004E000BF02E000BF00E000BF4C
:10B4A000D7F86C310133C7F86C31D7F86C21D7F875
:10B4B00068319A42FFF6E8AE07F5BA77BD4690BD0F
:10B4C000C89C0020109D0020149D0020189D002085
:10B4D000A49A0020008009446F42E14380B52DED1D
:10B4E000028BAEB000AFFEF707FEC7F89000544BDA
:10B4F0001B681946D7F89000FEF726FE87ED2D0A47
:10B50000FFF788F84E4AD7F8903013604D4AD7F8C5
:10B51000B43013614B4B5B6F01334A4A5367FEF7FC
:10B52000DFFAFEF783FBC7F88C00D7ED2D7A9FED8D
:10B53000467AF4EEC77AF1EE10FA0BDD414B1B6F41
:10B5400043F001033F4A1367FFF79EFA4FF00003F1
:10B55000C7F8B4303B4B93F87830002B0FD0FEF790
:10B56000E9FE034683F00103DBB2002B07D0354B25
:10B570001B6F43F00803334A1367FFF785FAD7F8C8
:10B580008C3093F87030002B0CD12E4B93F8783020
:10B59000002B05D02B4B1B6F43F00203294A136786
:10B5A000FFF772FA274B93F8793083F00103DBB28F
:10B5B000002B10D0D7F88C3093F87030022B0AD0C3
:10B5C000224B4FF000021A60214B4FF000021A602C
:10B5D000204B00221A601B4B93F8793083F0010353
:10B5E000DBB2002B6FD0D7F88C3093F87030022B81
:10B5F00069D1D7F88C305A6C174B1B689A4238D0F7
:10B60000D7F88C30D3ED057AF0EEE77AB0EE087A11
:10B61000F4EEC77AF1EE10FA20D5D7F88C3093ED1E
:10B62000057A0B4BD3ED007A77EE277A084BC3ED02
:10B63000007A084B1B680133064A136019E000BF0B
:10B64000D49B0020A49A0020CDCC4C3DA49B00208C
:10B65000A09B0020DC9B0020D89B0020B84B4FF023
:10B6600000021A60B74B00221A60B74B4FF000027D
:10B670001A60B54B93ED007AD7ED2D7A77EE277AE5
:10B68000B14BC3ED007AB04BD3ED007AB0EE007A47
:10B69000F4EEC77AF1EE10FA15DBAA4B1B68132BF8
:10B6A00011D9A74BD3ED006AA64B1B6807EE903A61
:10B6B000B8EE677AC6EE877AA44BC3ED037AA34B44
:10B6C000012283F87920A24B1B7B87F88B30D7F8B7
:10B6D0008C30D3ED087AD7F88C30996CD7F88C3051
:10B6E00093F87030002B14BF01230023DAB2D7F88F
:10B6F0008C3093F87030022B0CBF01230023DBB297
:10B70000B0EE670A9248FEF777FC914B1B688F4AB0
:10B7100093608E4BD3ED027A8D4B1B7B1946B0EEB6
:10B72000670A8C48FEF78AFB894B1B7B83F0010379
:10B73000DBB2002B0CD0854B93F87830002B05D072
:10B74000824B1B6F43F00203804A1367FFF79CF99B
:10B750007F4B1B7B83F00103DBB2002B06D197F8F4
:10B760008B3083F00103DBB2002B07D0774B9B6853
:10B77000794A1360794B4FF000021A60D7F88C3089
:10B780005B6C774A1360774B1B78DBB283F0010365
:10B79000DBB2002B05D0FEF7AFFC03461846FEF7E0
:10B7A0002BFD714B1B68C7F884306F4BDB69D7F8F2
:10B7B00084209A4200F021816B4B5B68C7F880308F
:10B7C000002387F8B330D7F88030012B04D1FFF77E
:10B7D0005BF9012387F8B330D7F88030022B0CD106
:10B7E00001F0E0FB034683F00103DBB2002B04D041
:10B7F000FFF702F9034687F8B330D7F88030032B00
:10B8000025D101F0CFFB034683F00103DBB2002B0F
:10B810001DD0554BD3ED027A534B93ED037A524B27
:10B82000D3ED046A504B93ED056A4F4BD3ED065AA6
:10B83000B0EE652AF0EE461AB0EE661AF0EE470A50
:10B84000B0EE670AFFF760F9034687F8B330D7F820
:10B850008030042B40F0C38001F0A4FB034683F04A
:10B860000103DBB2002B00F0BA80384B93F878303C
:10B87000002B00F0B4803C4BD3ED027AF0EEE77A77
:10B880009FED3A7AF4EE477AF1EE10FA8CBF01237D
:10B890000023DBB283F00103DBB2002B00F09F80BA
:10B8A000314BD3ED037AF0EEE77A9FED307AF4EE88
:10B8B000477AF1EE10FA8CBF01230023DBB283F04C
:10B8C0000103DBB2002B00F08A80274BD3ED047A12
:10B8D000F0EEE77A9FED257AF4EE477AF1EE10FA72
:10B8E0008CBF01230023DBB283F00103DBB2002B0A
:10B8F00075D01D4BD3ED057AF0EEE77A9FED1B7AFC
:10B90000F4EE477AF1EE10FA8CBF01230023DBB28C
:10B9100083F00103DBB2002B61D0134BD3ED057A2A
:10B92000F5EEC07AF1EE10FA59DD0F4BD3ED057A42
:10B93000B0EE007AF4EEC77AF1EE10FA4FD817E0C5
:10B94000A09B0020DC9B0020A49B0020A49A002048
:10B95000749B0020849B0020989B00209C9B0020CF
:10B96000D89B0020269C0020209B0020FFFF7F7F8B
:10B97000804BD3ED027ADFED800AB0EE670AFEF766
:10B9800017FCF0EE407A7D4BC3ED007A794BD3ED96
:10B99000037ADFED790AB0EE670AFEF709FCF0EEF4
:10B9A000407A774BC3ED007A724BD3ED047ADFED2A
:10B9B000750AB0EE670AFEF7FBFBF0EE407A724BB9
:10B9C000C3ED007A6B4B5B69704A1360704B0022C9
:10B9D0001A76704B00221A70012387F8B33097F85B
:10B9E000B330002B01D0002301E04FF0FF33614A58
:10B9F0001362604AD7F88430D361D7F89000FFF71C
:10BA0000EBFB01F0C1FCFEF7B1FBB0EE407AF0EECB
:10BA1000607A87ED107AC7ED117A5F4BD3ED0B6A30
:10BA20005D4B93ED0C6A5D4BD3ED005A5C4B93ED8F
:10BA3000005A97ED107AD7ED117AF0EE452AB0EE64
:10BA4000652AF0EE461AB0EE661A5648B0EE470A7E
:10BA5000F0EE670AFDF740FBF0EE407A524BC3ED83
:10BA60001A7A524B1B78DBB2002B03D1504B1B7858
:10BA7000002B01D0012300E0002387F87F3097F8E6
:10BA80007F3003F0010387F87F3097F87F30002B79
:10BA90002BD0FEF76BFBB0EE407AF0EE607A87EDCC
:10BAA000127AC7ED137A3C4BD3ED0B6A3A4B93ED08
:10BAB0000C6A3A4BD3ED005A394B93ED005A97ED8F
:10BAC000127AD7ED137AF0EE452AB0EE652AF0EE41
:10BAD000461AB0EE661A3748B0EE470AF0EE670A2B
:10BAE000FDF7FAFAF0EE407A02E02F4BD3ED1A7A26
:10BAF0002D4BC3ED1B7A284B93F83D30012B07D01B
:10BB000097F87F30002B05D02B4B1B78012B01D1F0
:10BB1000012300E0002387F87E3097F87E3003F0A1
:10BB2000010387F87E3097F87E30002B01D0234B3D
:10BB300000E0234BBB671C4B93F87830002B45D0BB
:10BB4000204BD3ED007A184B93ED1A7A164BD3EDB8
:10BB50001B6A97ED1E2AF0EE661AB0EE471AF0EE59
:10BB6000670A97ED2D0A0A48FCF734FFF0EE407A99
:10BB70002EE000BF209B00200000C842AC9B0020AC
:10BB8000B09B00209A99993EB49B0020B89B00205E
:10BB9000449B0020BE9B002010000020909B0020B2
:10BBA000949B0020C49A0020A49A0020269C002088
:10BBB0001C9D0020F89A00201D9D00208FC2753D1D
:10BBC000DCFE303CA89B0020000000005FED027A04
:10BBD000C7ED1D7AC24BD3ED007A97ED1D7A67EE63
:10BBE000277AC7ED2B7ABF4BD3ED007A97ED1D7AFC
:10BBF00067EE277AC7ED2A7A4FF00003C7F8A43022
:10BC0000B84B1B68C7F8A030B74B93ED007AB74B21
:10BC1000D3ED027A77EE677AB0EE670A01F05EFF45
:10BC2000F0EE407AB14BC3ED0C7AB04B93F878301C
:10BC3000002B2ED0AD4BD3ED0C6AD7F88C3093EDA2
:10BC4000057AAA4BD3ED037A77EE677A9FEDA87A4F
:10BC500067EE877AA74B93ED047AA64B93ED056ABE
:10BC6000A44BD3ED065AA34B93ED075AA248B0EE6E
:10BC7000453AF0EE652AB0EE462AF0EE471A97ED07
:10BC80002D1AF0EE670AB0EE660AFDF7B1F987EDFE
:10BC9000290A964B93F87830002B31D0974BD3ED8F
:10BCA000007AF5EEC07AF1EE10FA29DD944B1B68AC
:10BCB000C7F8AC30934B1B68C7F8A830914B1B6892
:10BCC000C7F8A030904B1B68C7F8A4308B4B93ED9E
:10BCD000007AD7ED2D7A77EE677ADFED970AB0EE2E
:10BCE000670A02F0C7F9F0EE407A844BC3ED007AA0
:10BCF0007E4B9B687C4A13607F4B4FF000021A60BA
:10BD00007A4B93F87830002B68D0804B1B78002B4F
:10BD100064D07F4B93ED007A7E4BD3ED007A77EEC3
:10BD2000677AC7ED1C7A4FF00003C7F8A830D7F840
:10BD3000A830C7F8AC306F4BD3ED007A9FED767A20
:10BD400027EE877ADFED756AC7EE267A9FED737A64
:10BD500067EE876A674B93ED017A664BD3ED027A03
:10BD600037EE277AC6EE877AC7ED1B7AD7ED1C7AB5
:10BD70009FED6B7A27EE878A5E4BD3ED077AF0EE64
:10BD8000670A97ED1B0A02F092F9F0EE407AF0EEA6
:10BD9000670AB0EE480AFEF70BFA87ED290AD7EDDD
:10BDA0001C7AF0EEE77A9FED527AF4EEC77AF1EE64
:10BDB00010FA13D5D7F88C3093ED057A4B4BD3EDB1
:10BDC000037A77EE677AF0EEE77AB0EE087AF4EE6F
:10BDD000C77AF1EE10FA01D5FEF71CFF434B93F83A
:10BDE0007830002B23D04F4B1B78002B1FD04E4BAD
:10BDF0001B68C7F8AC304D4B1B68C7F8A8304B4BDD
:10BE00001B68C7F8A0304A4BD3ED007AF5EE407AB4
:10BE1000F1EE10FA0BD0464B1B68C7F8A430334B39
:10BE20009B68314A1360344B4FF000021A60414B5B
:10BE30001B78002B07D12D4B93F8783083F001034A
:10BE4000DBB2002B0BD04FF00003C7F8A430D7F8BB
:10BE5000A430C7F8A830D7F8A830C7F8AC30254BC5
:10BE6000D3ED087A234B93ED097A224BD3ED0A6A7E
:10BE7000F0EE662AB0EE472AF0EE671A97ED281A20
:10BE8000D7ED2A0A97ED2B0AFEF74CF8F0EE406A40
:10BE9000B0EE607AF0EE417AC7ED0D6A87ED0E7A6A
:10BEA000C7ED0F7AFB6BC7F8A830FEF743FA0346DD
:10BEB00083F00103DBB2002B40D0FEF7E5FDFEF777
:10BEC000A9FBD7F890009FED1C2ADFED1B1A9FED10
:10BED0001A1ADFED190A9FED180AFFF727F876E125
:10BEE000909B0020949B0020989B0020A49A002007
:10BEF00035FA8E3C100000209C9B0020B89B00204F
:10BF0000AC9B0020B09B0020B49B0020BC9B002079
:10BF1000C09B0020849B0020DB0FC94000007042C2
:10BF20006666E63FBD9B0020C49B0020C89B0020A6
:10BF3000CC9B0020BE9B002000000000FEF716F9FD
:10BF4000B0EE407AF0EE607A87ED147AC7ED157A9C
:10BF500007F1240397ED147AD7ED157A18461FEDF3
:10BF60000A2AD7ED2A1A97ED2B1AB0EE470AF0EEFF
:10BF7000670A01F0C7FD984B93F82830002B6DD06D
:10BF8000954B1B7E002B69D0944BD3ED007AF5EED8
:10BF9000C07AF1EE10FA61D8FEF7E8F8B0EE407A18
:10BFA000F0EE607A87ED167AC7ED177A8C4BD3EDF9
:10BFB0000B6A8B4B93ED0C6A8A4BD3ED005A8A4B7C
:10BFC00093ED005A07F1240397ED167AD7ED177A0F
:10BFD000F0EE452AB0EE652AF0EE461AB0EE661A8B
:10BFE0001846B0EE470AF0EE670AFDF775F887EDE0
:10BFF0001A0A97ED1A7AD7ED1D7AB4EEE77AF1EEC8
:10C0000010FA2BDDD7ED1A7AF5EEC07AF1EE10FAC0
:10C0100024DD0023C7F89C301CE0D7F89C309B003F
:10C02000B8333B44943B93ED007A97ED1D6AD7ED0E
:10C030001A6AC6EE267A67EE277AD7F89C309B00FC
:10C04000B8333B44943BC3ED007AD7F89C300133BE
:10C05000C7F89C30D7F89C30032BDEDDFEF786F85E
:10C06000B0EE407AF0EE607A87ED187AC7ED197A73
:10C0700007F1140397ED187AD7ED197A184697ED62
:10C08000292ADFED5A1A9FED591AB0EE470AF0EE51
:10C09000670A01F037FD524BD3ED037A3A1D07F1E1
:10C0A000140107F12403B0EE670A184601F020FEE0
:10C0B0000023C7F898302BE0D7F898309B00B833AE
:10C0C0003B44B43B1A684A49D7F898300C339B007C
:10C0D0000B4404331A60464AD7F898300C339B005F
:10C0E00013440433D3ED007AB0EE670A02F01CF873
:10C0F000F0EE407A3E4AD7F8983010339B00134454
:10C100000433C3ED007AD7F898300133C7F898307C
:10C11000D7F89830032BCFDD364B01221A70FEF78B
:10C1200079FA0023C7F894303BE0314AD7F89430CD
:10C1300008339B001344D3ED007AF5EE407AF1EE1C
:10C1400010FA24D12A4AD7F894300C339B001344B8
:10C150000433D3ED007AF5EE407AF1EE10FA16D101
:10C16000254B1B78DBB2002B03D1244B1B78002B13
:10C1700012D01F4AD7F8943014339B001344043371
:10C18000D3ED007AF5EE407AF1EE10FA04D0F6F72E
:10C1900059FD03461A4A1360D7F894300133C7F8A3
:10C1A0009430D7F89430032BBFDDD7ED0E7A97ED9E
:10C1B0000D7AD7F89000B0EE472AF0EE671A97EDA7
:10C1C000291AD7ED2A0A97ED2B0AFEF7AFFEB837EA
:10C1D000BD46BDEC028B80BD449B0020B89B002077
:10C1E00010000020909B0020949B00200000000085
:10C1F000A49A0020289C0020269C00201C9D002042
:10C20000D09B002080B483B000AF0346FB71FB7964
:10C21000202B02D0FB79092B01D1012300E0002360
:10C2200003F00103DBB218460C37BD465DF8047B12
:10C230007047000080B58AB000AF7860396002E0D6
:10C240007B6801337B607B681B781846FFF7DAFF59
:10C250000346002BF4D17868F4F77AF9786207E0A6
:10C260007B6A013B7B627A687B6A134400221A7006
:10C270007B6A002B0AD07B6A013B7A6813441B78E7
:10C280001846FFF7BFFF0346002BE9D17B6A002B5E
:10C2900001D100232FE13B6800221A703B684FF068
:10C2A00000025A6096497868F4F748F90346002B73
:10C2B00004D13B6801221A7001231CE1914978687E
:10C2C000F4F73CF90346002B04D13B6805221A70B1
:10C2D000012310E18C497868F4F730F90346002B0C
:10C2E00004D13B6804221A70012304E1874978686D
:10C2F000F4F724F90346002B04D13B6806221A7098
:10C300000123F8E082497868F4F718F90346002B16
:10C3100004D13B6807221A700123ECE07D4978685C
:10C32000F4F70CF90346002B04D13B6808221A707D
:10C330000123E0E007227849786802F085FD034692
:10C34000002B0FD17B6807331B781846FFF75AFF85
:10C350000346002B06D03B6802221A707B68073325
:10C360003B621AE005226D49786802F06DFD0346D4
:10C37000002B0FD17B6805331B781846FFF742FF6F
:10C380000346002B06D03B6803221A707B680533F6
:10C390003B6202E04FF0FF33ADE002E03B6A013365
:10C3A0003B623B6A1B781846FFF72CFF0346002BC5
:10C3B000F4D14FF07E53FB613B6A1B782B2B03D0EB
:10C3C0003B6A1B782D2B08D13B6A1B782D2B01D1A2
:10C3D000534BFB613B6A01333B620023FB76002336
:10C3E000BB7600237B764FF000037B614D4B3B61B6
:10C3F0005BE03B6A1B782E2B08D1BB7E83F00103E8
:10C40000DBB2002B02D00123BB764BE03B6A1B78EA
:10C410002F2B03D93B6A1B78392B02D94FF0FF33FE
:10C4200069E00123FB767B7E83F00103DBB2002B06
:10C4300038D0BB7E002B19D03B6A1B78303B07EE0F
:10C44000903AB8EEE77AD7ED047A67EE277A97ED5F
:10C45000057A77EE277AC7ED057AD7ED047A9FED56
:10C46000327A67EE877AC7ED047A10E0D7ED057A65
:10C47000B2EE047A27EE877A3B6A1B78303B07EEF0
:10C48000903AF8EEE77A77EE277AC7ED057AD7ED9E
:10C49000057A9FED267AF4EEC77AF1EE10FA01DD07
:10C4A00001237B763B6A01333B623B6A1B78002B9E
:10C4B0009FD1FB7E83F00103DBB2002B02D04FF053
:10C4C000FF3318E07B7E002B08D1D7ED057AB7EE5D
:10C4D000007AF4EEC77AF1EE10FA02D56FF003039A
:10C4E00009E097ED077AD7ED057A67EE277A3B6882
:10C4F000C3ED017A012318462837BD4680BD00BF31
:10C5000010EF000814EF00081CEF000824EF0008EB
:10C510002CEF000838EF000840EF000848EF000853
:10C52000000080BFCDCCCC3DCDCCCC3D00409C4567
:10C5300080B586B000AFF8600B467A60FB72FB7A7C
:10C540000D2B02D0FB7A0A2B1CD1FB6893F84430E8
:10C55000FB75FB681B6CFA680021D154FB68002254
:10C560001A64FB68002283F84420FB7D002B06D16F
:10C57000FB6879681846FFF75DFE034625E04FF03B
:10C58000FF3322E0FB6893F84430002B01D00023F6
:10C590001BE0FB7A1F2B02D8FB7A092B06D1FB7A12
:10C5A0007E2B03D8FB681B6C3E2B05D9FB68012250
:10C5B00083F84420002308E0FB681B6C591CFA68D0
:10C5C0001164FA68F97AD154002318461837BD4629
:10C5D00080BD80B483B000AF78600B46FB7013461B
:10C5E000BB707B681B78042B01D101233EE07B6884
:10C5F0001B78062B03D07B681B78072B07D1BB78F1
:10C60000002B02D06FF0020330E001232EE07B68A4
:10C610001B78012B07D1BB78002B02D06FF00203EF
:10C6200024E0012322E07B681B78022B0ED07B687C
:10C630001B78032B0AD07B681B78052B06D07B6800
:10C640001B78082B02D04FF0FF330FE0FB7883F00C
:10C650000103DBB2002B02D06FF0010306E0BB78D0
:10C66000002B02D06FF0020300E0012318460C37C4
:10C67000BD465DF8047B704780B500AF00210B4BD1
:10C680000A461A800A4B0A461A800A4B00221A7080
:10C69000012209490948F6F78DFB0346002B0CBF20
:10C6A00001230023DBB2184680BD00BF269E002078
:10C6B000249E0020289E0020299E002054940020C3
:10C6C00080B584B000AF78607B681B4A93422FD15D
:10C6D0001A4B1B889BB201339BB2DBB2FB81184B18
:10C6E0001B889BB2FA899A4203D1164B01221A7019
:10C6F00012E0144B1B78DBB283F00103DBB2002B9A
:10C700000AD00E4B1B889BB21A460F4B19780F4B61
:10C7100099540A4AFB89138001220B497868F6F77D
:10C7200049FB0346002B04D0064B01221A7000E09F
:10C7300000BF1037BD4680BD54940020249E0020C9
:10C74000269E0020289E0020299E0020249D002057
:10C7500080B483B000AF78607B68064A934202D110
:10C76000054B01221A7000BF0C37BD465DF8047BF3
:10C77000704700BF54940020289E002080B588B0E8
:10C7800000AF78603960EFF310833B613B69BB61B8
:10C7900072B600BF2C4B1B78DBB2002B23D02B488A
:10C7A000F6F70CFC0346FB75294B1B889AB2294B04
:10C7B0001A80254B00221A70FB7D002B07D1012225
:10C7C00025492248F6F7F6FA0346002B02D01E4B05
:10C7D00001221A70BB69FB60FB6883F3108800BFFD
:10C7E0004FF0FF332BE00023FB6115E0194B1B8852
:10C7F0009BB21946FB695A1CFA617A681344174ABE
:10C80000525CD2B21A70134B1B889BB201339BB29D
:10C81000DBB29AB20F4B1A800E4B1B889AB20C4BAC
:10C820001B889BB29A4203D0FA693B689A42DDD3D7
:10C83000BB69BB60BB6883F3108800BFFB69184607
:10C840002037BD4680BD00BF289E002054940020A4
:10C85000249E0020269E0020299E0020249D00204A
:10C8600080B485B000AFEFF310837B607B68FB6022
:10C8700072B600BF084B1B889AB2084B1A80FB683F
:10C88000BB60BB6883F3108800BF00BF1437BD4690
:10C890005DF8047B704700BF249E0020269E002088
:10C8A00080B58CB000AF78610B4687ED030AC7ED09
:10C8B000020A87ED011A3A60FB7407F1180300229F
:10C8C0001A605A609A60DA601A615A61FB7C3B76A2
:10C8D000FB68FB61BB683B627B687B623B68FB6219
:10C8E0007B699B6B7A69D26B07F1180110469847F8
:10C8F0000346002B01D0012303E07B6905221A7057
:10C90000002318463037BD4680BD000080B582B098
:10C9100000AF78600B46FB7000229FED0E1ADFED32
:10C920000D0A9FED0C0A03217868FFF7B9FF00227A
:10C930009FED081ADFED070A9FED060A08217868C7
:10C94000FFF7AEFF7B68FA781A7000BF0837BD4664
:10C9500080BD00BF0000000080B594B000AFF8605B
:10C96000B9607A60FB68184640231A46002102F03D
:10C9700063FAFB68BA689A63FB687A68DA6300BF97
:10C980005037BD4680BD000080B596B000AFF8605E
:10C99000B9607A60FB681B78012B11D07B681B782B
:10C9A00083F00103DBB2002B0AD17B685B78002B9C
:10C9B00006D17B689B7883F00103DBB2002B01D0AA
:10C9C000002328E0FB689B6B7B65FB68DB6B3B65AA
:10C9D000FB68184640231A46002102F02DFAFB6836
:10C9E00001221A70FB6863229A60FB68BA689A6138
:10C9F000FB687A6D9A63FB683A6DDA634FF4FA620A
:10CA00009FED071ADFED060A9FED050A0921F86878
:10CA1000FFF746FF034618465837BD4680BD00BFA6
:10CA20000000000080B582B000AF78607B681B78A2
:10CA3000012B03D103217868FFF768FF00BF083797
:10CA4000BD4680BD80B586B000AFF860B9607A6041
:10CA5000FB681B78012B40F01E817B681B7883F0FC
:10CA60000103DBB2002B03D17B685B78002B04D081
:10CA70000521F868FFF74AFF12E1FB685B68032BAA
:10CA800008D1FB689B68002B02D141F2883303E098
:10CA9000854B01E047F230537B61FB689B69BA68C4
:10CAA000D31A7A699A4204D80421F868FFF72EFF56
:10CAB000F6E0FB689B68632B14D17B681B7B032B20
:10CAC00004D10521F868FFF721FFE6E07B681B7BB6
:10CAD000012B40F0E280FB6800229A60FB68BA6894
:10CAE0009A61DAE0FB685B68022B57D8FB6893F821
:10CAF000343083F00103DBB2002B3DD0FB685B6870
:10CB0000002B11D147F230529FED681ADFED680A11
:10CB10009FED680A0021F868FFF7C2FE03461A4637
:10CB2000FB6883F83420BAE0FB685B68012B11D105
:10CB300047F230529FED601ADFED600A9FED600A08
:10CB40000021F868FFF7ACFE03461A46FB6883F83D
:10CB50003420A4E043F698229FED581ADFED570ADF
:10CB60009FED580A0121F868FFF79AFE03461A461E
:10CB7000FB6883F8342092E07B689B78002B00F000
:10CB80008E80FB685B685A1CFB685A60FB68002259
:10CB900083F83420FB68BA689A6180E0FB689B6880
:10CBA000002B55D17B681B7A03F00603062B3FD17F
:10CBB000FB6893F8353083F00103DBB2002B11D012
:10CBC000FB68012283F83520FB68BA681A620022EC
:10CBD0009FED3A1ADFED390A9FED380A0321F86814
:10CBE000FFF75EFEFB681B6ABA68D31A312B57D970
:10CBF0007B689B78002B53D0FB6801229A60FB680E
:10CC0000BA689A61304A9FED2D1ADFED2C0A9FED2C
:10CC10002B0A0621F868FFF743FE034683F0010361
:10CC2000DBB2002B3CD00521F868FFF76FFE37E040
:10CC3000FB68002283F8352000229FED201AFBEECE
:10CC4000090A9FED1E0A0221F868FFF729FE27E076
:10CC50007B689B7883F00103DBB2002B03D17B68F8
:10CC60001B7B032B04D10521F868FFF74FFE17E06B
:10CC70007B681B7B012B13D100229FED101ADFED87
:10CC80000F0A9FED0E0A0321F868FFF709FEFB6803
:10CC900002221A7004E000BF02E000BF00E000BF03
:10CCA0001837BD4680BD00BFF0C602000000AA4292
:10CCB000B9E819444B6ED344000002430000000061
:10CCC00000C00F450000344320BF020080B584B08F
:10CCD00000AFF860B9607A607B68502B03D80E4BC8
:10CCE000DB6F202B01D0002311E07A68B9680B4874
:10CCF00002F0E6F87B689BB21A4608490648F5F749
:10CD0000FBFF0346002B0CBF01230023DBB21846B8
:10CD10001037BD4680BD00BFCC930020949F0020FB
:10CD200080B586B002AF78603960F5F78BFFF860A8
:10CD3000704BD3ED007A9FED707A27EE877ADFEDA6
:10CD40006F6AC7EE267AC7ED027A3B681B78092B1B
:10CD500000F2CA8001A252F823F000BF85CD00087E
:10CD6000DFCD000815CE000877CE0008E9CE000818
:10CD7000E9CE00089BCE0008E9CE0008C5CE000829
:10CD800085CE00083B68D3ED016A3B6893ED026AEB
:10CD90003B6893ED037AD7ED027A67EE277A9FED31
:10CDA000582ADFED571AB0EE671AF0EE460AB0EED9
:10CDB000660AFDF7A9FE034683F00103DBB2002BF0
:10CDC00001D0002391E04F4B01221A704E4AFB68BC
:10CDD00013603B685B694D4A1360012385E03B6843
:10CDE000D3ED017AB0EE670AFDF7CAFF034683F080
:10CDF0000103DBB2002B01D0002376E0414B01227E
:10CE00001A70414AFB6813603B685B693F4A1360D4
:10CE100001236AE03B6893ED017AD7ED027A67EE71
:10CE2000276A3B6893ED027AD7ED027A67EE277A9C
:10CE30009FED371AF0EE670AB0EE660AFDF7FAFFCB
:10CE4000034683F00103DBB2002B01D000234CE04A
:10CE50002C4B1B7883F00103DBB2002B06D02A4A4F
:10CE6000FB681360294B41F288321A60254B01227E
:10CE70001A70012339E0FDF7CDFE224B00221A7013
:10CE8000012332E04FF4FA630093FB68002221494A
:10CE9000214800F07BFC034627E0FDF715FF034621
:10CEA00083F00103DBB2002B01D000231DE03B68BF
:10CEB0005B690093FB6800221849174800F066FC84
:10CEC000034612E0FDF7A6FE0E4B00221A70144B2B
:10CED00000221A7001230093FB68002211490E48BA
:10CEE00000F054FC034600E0002318461037BD460E
:10CEF00080BD00BF10000020DB0FC9400000704261
:10CF0000008009447A9F0020809F0020849F002099
:10CF10000000000050EF00086C9E002058EF000851
:10CF20007B9F002060EF000880B500AF0023144A0B
:10CF30000021144800F00CFC002213491348FFF7AD
:10CF40000BFD134B01221A70012212491248F5F70A
:10CF500031FF0346002B0CBF01230023DAB20F4B35
:10CF60001A700E4B1B7883F00103DBB2002B05D047
:10CF70000B4B1B6843F00103094A136000BF80BDDF
:10CF8000CDCC00086C9E002021CD00082C9E0020F6
:10CF9000799F0020909F0020CC930020789F002054
:10CFA0008C9F002080B400AF0D4B1B78002B0DD060
:10CFB0000C4B1B78012B07D00B4B1B7F002B03D195
:10CFC000094BDB7F002B01D0012300E0002303F09D
:10CFD0000103DBB21846BD465DF8047B704700BF15
:10CFE000799F00202C9E00206C9E002080B582B08E
:10CFF00002AF174B1B7883F00103DBB2002B10D17B
:10D00000144B1B68002B0CD1FFF7CCFF0346002B01
:10D0100007D1FDF759FE034683F00103DBB2002B75
:10D0200001D0002311E00C4B00221A700B4B01229F
:10D030001A70F5F707FE03464FF4FA6200920022D9
:10D040000749084800F0A2FB03461846BD4680BDCC
:10D05000789F00208C9F00207B9F00207C9F0020D9
:10D0600050EF00086C9E002080B584B000AF384BB4
:10D07000DB6F202B16D1FDF74FFF034693F8783076
:10D08000002B0FD1FDF720FE034683F00103DBB236
:10D09000002B07D12F4B1B78012B03D02E4B1B7F6E
:10D0A000002B01D000234FE02948F5F787FF034606
:10D0B000002B01D0002347E0EFF310837B607B68F7
:10D0C000FB6072B600BF0023244A1360244A136039
:10D0D000244B00221A60FB68BB60BB6883F3108896
:10D0E00000BF0023204A00211B4800F031FB002232
:10D0F0001E491848FFF730FC1D4B00221A701C4BCC
:10D100001A781C4B1A701B4B1A781B4B1A701A4B4F
:10D110001A781A4B1A70012219490D48F5F74AFE80
:10D120000346002B0CBF01230023DAB2154B1A7003
:10D13000144B1B7883F00103DBB2002B02D0094BA8
:10D1400001221A600F4B1B7818461037BD4680BD70
:10D15000CC9300202C9E00206C9E002068A0002014
:10D1600064A000208C9F0020CDCC000821CD0008B9
:10D170007A9F00207D9F00207C9F00207B9F0020C5
:10D18000909F0020789F002080B586B000AF0346B6
:10D19000FB71274B1B7883F00103DBB2002B17D107
:10D1A000244B1B68002B13D1234B1B7883F0010306
:10D1B000DBB2002B0CD1FFF7F5FE0346002B07D1A5
:10D1C000FDF782FD034683F00103DBB2002B01D0A3
:10D1D000002328E007F1080300221A605A609A60D1
:10D1E000DA60FDF799FE034693F878303B72FDF75D
:10D1F00093FE03461B6F002B14BF01230023DBB2F9
:10D200007B720123BB720D4AFB7913700C4B002219
:10D210001A70F5F717FD014607F108031A46094889
:10D22000FFF7B2FB034618461837BD4680BD00BF66
:10D23000789F00208C9F00207B9F00207D9F0020F6
:10D240007C9F00202C9E002080B500AF0020FFF7BF
:10D250009BFF0346184680BD80B500AF0120FFF755
:10D2600093FF0346184680BD80B582B002AF144BD1
:10D270001B7883F00103DBB2002B1DD1114B1B780F
:10D28000012B03D10F48FFF7CDFB16E00E4B1B7FA0
:10D29000002B12D00C4B5B6A012B0ED0F5F7D2FCA1
:10D2A00003460122009200220849074800F06EFA66
:10D2B000074B00221A7000E000BFBD4680BD00BFD2
:10D2C000799F00202C9E00206C9E002060EF0008BB
:10D2D0007B9F002080B584B000AF78607B68184ADF
:10D2E000934229D1174B1B68013303F07F03FB6086
:10D2F000154B1B68FA689A4206D1144B1B6843F021
:10D300000203124A136008E00E4B1B68104A1178A2
:10D31000104AD1540B4AFB68136001220C4978680B
:10D32000F5F748FD0346002B07D0084B1B6843F078
:10D330000403064A136000E000BF1037BD4680BDFD
:10D34000CC93002064A0002068A000208C9F0020C7
:10D35000909F0020E49F002080B483B000AF7860ED
:10D360007B68074A934205D1064B1B6843F01003C4
:10D37000044A136000BF0C37BD465DF8047B70475C
:10D38000CC9300208C9F0020F0B5B5B002AF694B64
:10D390001B7883F00103DBB2002B40F0A981F5F785
:10D3A00051FCC7F8BC00D7F8BC10634800F046FB3E
:10D3B000614BD3F8CC30002B0AD0604B1B68D7F8F8
:10D3C000BC20D31AB3F5FA7F02D35B4B01229A77C4
:10D3D0008023C7F8C43016E0594B1B68594AD35C08
:10D3E00087F8BB30564B1B68013303F07F03544A68
:10D3F000136097F8BB3019464F4800F045FA4F4A82
:10D40000D7F8BC3013604E4B1A684F4B1B689A42DA
:10D4100006D0D7F8C4305A1EC7F8C420002BDBD181
:10D420004A4B1B68002B0ED0434B0122DA77424B4C
:10D4300000221A77404B06225A623F4B04229A621E
:10D440003D4B03221A75424B1B78002B09D03A4BF7
:10D450005B6A022B05D13F4B01221A703C4B002224
:10D460001A70354BDB7F002B02D03A4B00221A702A
:10D47000394B1B78002B21D0384B1B68D7F8BC20C8
:10D48000D21A374B1B689A420BD3304B1B6843F0C0
:10D4900020032E4A1360FDF7BDFB2F4B00221A70AC
:10D4A0000CE0FDF7E7FB034683F00103DBB2002B42
:10D4B00004D0FDF7AFFB284B00221A70002387F839
:10D4C000C33001212748F4F71DFF0346002B05D187
:10D4D00097F8C33043F0040387F8C3300221214892
:10D4E000F4F710FF0346002B05D197F8C33043F043
:10D4F000020387F8C33007F1700300221A605A60F4
:10D500009A60DA60FDF708FD034693F8783087F8F3
:10D5100070300E4B1B68002B09D1FDF7FDFC034654
:10D520001B6F002B03D1044BDB7F002B1CD001238E
:10D530001BE000BF799F00206C9E0020889F002088
:10D5400068A00020E49F002064A000208C9F0020A1
:10D550007C9F00207B9F00207A9F0020809F0020DE
:10D56000849F0020000C0240002303F00103DBB283
:10D5700087F87130FDF7A8FB034687F8723097F8FB
:10D58000C33087F878305C4B1B7D87F87C305B4B71
:10D590001B7887F8BA30594B9B68C7F8B43007F14D
:10D5A00070031A46D7F8BC105448FFF74BFA544B97
:10D5B0001B78002B32D0D7F8B430632B2ED14F4BD1
:10D5C0009B68002B2AD14D4B1B78012B26D14B4B4E
:10D5D00003225A60494B01229A60484AD7F8BC306E
:10D5E000936107F1240300221A605A609A60DA609E
:10D5F0001A615A61062387F82430424BBB6307F156
:10D60000240319460020FFF78BFB034683F0010338
:10D61000DBB2002B02D0394B05221A7097F8BA30D2
:10D62000012B1BD1354B1B78022B17D9FDF7F2FAD2
:10D63000354B00221A70354B00221A702E4BDB7FBF
:10D6400083F00103DBB2002B08D001230093D7F84D
:10D65000BC3000222E49284800F098F8274B1B7850
:10D66000FB61264B5A68BA61244B99687961274B54
:10D670001B783B61204B1B7DFB60264B1868B86014
:10D680001D4B5C687C601C4B5E6A1B4B9D6A97F867
:10D69000C34007F1800334220021184601F0CCFB7F
:10D6A000FA69C7F88020BA69C7F884207969C7F891
:10D6B00088103A69C7F89020FA68C7F89420B868CB
:10D6C000C7F89C007B68C7F8A430C7F8A860C7F803
:10D6D000AC50C7F8B040104B1D4607F180040FCC8A
:10D6E0000FC50FCC0FC50FCC0FC523682B6000E012
:10D6F00000BFCC37BD46F0BD6C9E00202C9E0020A4
:10D700007D9F002020BF02007A9F00207B9F002089
:10D7100060EF00088C9F0020449F002080B483B0FD
:10D7200000AF786039607B6800221A777B6801223D
:10D73000DA777B6806225A627B683A689A627B686D
:10D7400003221A7500BF0C37BD465DF8047B704795
:10D7500080B5BAB000AFF860B9607A603B60FB6832
:10D760001846D8231A46002101F066FBFB68BA6808
:10D770001A60FB687A68C3F8D020FB683A68C3F87F
:10D78000D42000BFE837BD4680BD000090B585B00D
:10D7900000AFF860B9607A603B603649B868F2F76C
:10D7A000CDFE0346002B0CD1FB68DB7F83F0010329
:10D7B000DBB2002B03D00521F868FFF7AFFF012390
:10D7C00054E0FB681B7F002B06D1FB68DB7F002B3E
:10D7D00002D13B6A002B01D1002347E02649B868FB
:10D7E000F2F7ACFE0346002B0CD1FB682C33234A26
:10D7F000106818609188927999809A71FB6801226B
:10D800005A621BE01E49B868F2F798FE0346002BE7
:10D8100012D1FB685B6A022B0ED1FB682C33194ACC
:10D820001C46134607CB20606160A2601B782373FF
:10D83000FB6803225A6201E0002317E0FB685B6883
:10D840005A1CFB685A60FB6801221A77FB680022A9
:10D850005A77FB6800221A75FB683A689A60FB6881
:10D860003A6A1A61FB6800229A620123184614374B
:10D87000BD4690BD68EF000870EF000878EF000823
:10D8800080EF000888EF000880B582B000AF7860B4
:10D890000B46FB70FB780D2B04D17B68012283F8CB
:10D8A0002020BFE0FB780A2B27D07B6893F820303C
:10D8B000002B0AD1FB781F2B07D9FB787E2B04D8CD
:10D8C0007B68D3F8CC304E2B02D97B6801229A7743
:10D8D0007B689B7F83F00103DBB2002B00F09F800D
:10D8E0007B68D3F8CC30591C7A68C2F8CC107A68BF
:10D8F0001344FA7883F87C2091E07B68D3F8CC302D
:10D900007A681344002283F87C207B680022C3F8E5
:10D91000CC207B68002283F820207B689B7F002B33
:10D9200007D07B6800229A7703217868FFF7F6FE1C
:10D9300078E07B6893F87C30002B72D07B68DB7FCB
:10D94000002B6ED17B681B7F83F00103DBB2002BC1
:10D9500006D17B685B7F83F00103DBB2002B04D030
:10D9600003217868FFF7DAFE5CE07B687C332F499F
:10D970001846F2F7E3FD0346002B0DD17B685B6A86
:10D98000012B09D17B6802225A627B6800221A7738
:10D990007B6801221A7545E07B687C332449184670
:10D9A000F2F7CCFD0346002B07D17B685B6A032BA3
:10D9B00003D17B6804225A6234E07B687C331D49C2
:10D9C0001846F2F7BBFD0346002B0DD17B685B6A5E
:10D9D000042B09D17B6805225A627B6800221A77E2
:10D9E0007B6801221A751DE07B687C33124918465A
:10D9F000F2F7A4FD0346002B0CD17B685B6A032B76
:10DA000003D07B685B6A042B04D102217868FFF79E
:10DA100085FE07E003217868FFF780FE02E000BF83
:10DA200000E000BF0837BD4680BD00BF98EF00088A
:10DA3000A0EF0008ACEF0008B8EF0008F0B585B023
:10DA400000AF786039607B681B7F83F00103DBB235
:10DA5000002B3ED17B689B683A68D31AFB607B68D9
:10DA60001B69FA689A420BD27B685B6A012B03D070
:10DA70007B685B6A032B08D1FB68B3F5FA6F04D3AC
:10DA800001217868FFF74AFE24E07B685B7F83F022
:10DA90000103DBB2002B1DD07B68D3F8D0407B683C
:10DAA000D3F8D4507B6803F12C067B682C331846DE
:10DAB000F2F74EFD03461A4631462846A047034674
:10DAC000002B07D07B6801225A777B683A68DA60BE
:10DAD00000E000BF1437BD46F0BD000080B582B045
:10DAE00000AF87ED010ADFED060A97ED010A00F0AD
:10DAF000F1F9F0EE407AB0EE670A0837BD4680BD16
:10DB0000DB0FC94080B489B000AFB0EE407AF0EED0
:10DB1000607A87ED031AC7ED021A87ED012A386093
:10DB200087ED047AC7ED057AD7ED047A9FED2F7A59
:10DB300027EE877ADFED2E6AC6EE877AC7ED077A81
:10DB4000D7ED057A97ED017A67EE277AC7ED067A69
:10DB500097ED037AD7ED027A37EE677AD7ED067A3A
:10DB600037EE677AD7ED077A67EE277A3B68C3ED21
:10DB7000007A97ED037AD7ED027A37EE277AD7ED60
:10DB8000067A37EE277A3B680433D7ED077A67EEDB
:10DB9000277AC3ED007A97ED037AD7ED027A37EE54
:10DBA000277AD7ED067A37EE677A3B680833D7EDE8
:10DBB000077A67EE277AC3ED007A97ED037AD7EDFF
:10DBC000027A37EE677AD7ED067A37EE277A3B6826
:10DBD0000C33D7ED077A67EE277AC3ED007A00BFE2
:10DBE0002437BD465DF8047B704700BFDB0FC9409A
:10DBF0000000704280B487B000AFB0EE407AF0EE23
:10DC0000607A7860396087ED027AC7ED037AD7EDE4
:10DC1000027A9FED357A27EE877ADFED346AC7EE18
:10DC2000267AC7ED057A7B6893ED007A7B6804332A
:10DC3000D3ED007A37EE277A7B680833D3ED007A8C
:10DC400037EE277A7B680C33D3ED007A37EE277AEC
:10DC5000D7ED057A67EE277A3B68C3ED007A7B68DB
:10DC6000043393ED007A7B68D3ED007A37EE677A60
:10DC70007B680833D3ED007A37EE277A7B680C3364
:10DC8000D3ED007A37EE677A3B680433D7ED057A37
:10DC900067EE277AC3ED007A7B68043393ED007A50
:10DCA0007B68D3ED007A37EE677A7B680833D3ED73
:10DCB000007A37EE677A7B680C33D3ED007A37EE63
:10DCC000277AD7ED057A67EE276A97ED037A3B68E6
:10DCD0000833C6EE877AC3ED007A00BF1C37BD4615
:10DCE0005DF8047B704700BFDB0FC9400000704344
:10DCF00080B58CB000AFF860B96087ED010A3A607A
:10DD00004FF00003FB624FF07E53BB6200237B6247
:10DD100012E07B6A9B00BA681344D3ED007AF0EE00
:10DD2000E77AF0EE670A97ED0B0A00F0A3F987EDAA
:10DD30000B0A7B6A01337B627B6A032BE9DD97ED7B
:10DD40000B7AD7ED017AB4EEE77AF1EE10FA06DD40
:10DD5000D7ED016A97ED0B7AC6EE877A01E0F7EE10
:10DD6000007AC7ED067A00233B6252E03B6A9B00D3
:10DD7000BA681344D3ED007A97ED067A67EE277AF6
:10DD8000C7ED057A3B6A9B00FA681344D3ED007A2D
:10DD9000F5EEC07AF1EE10FA15DD97ED017AD7EDC8
:10DDA000057A37EE677A3B6A9B00FA681344D3ED35
:10DDB000007AC7EE276AF0EE660A97ED0A0A00F0CD
:10DDC00076F987ED0A0A3B6A9B00FA681344D3EDA3
:10DDD000007AF5EEC07AF1EE10FA17D5D7ED017A98
:10DDE000B1EE677AD7ED057A37EE677A3B6A9B002A
:10DDF000FA681344D3ED007AC7EE276AF0EE660A9C
:10DE000097ED0A0A00F053F987ED0A0A3B6A0133DD
:10DE10003B623B6A032BA9DDDFED1A0A97ED0A0A84
:10DE200000F028F987ED0A0A0023FB611EE0FB6978
:10DE30009B00FA68134493ED007AD7ED0A7A27EE37
:10DE4000277AFB699B00BA681344D3ED006AD7EDCB
:10DE5000067A66EEA77AFB699B003A68134477EE70
:10DE6000277AC3ED007AFB690133FB61FB69032B61
:10DE7000DDDDBB6A07EE903AB0EE670A3037BD468B
:10DE800080BD00BF0000000008B52DED048BB0EE92
:10DE9000409AF0EE608A00F00BFAB0EE408A00F093
:10DEA000DFF878B9B0EE490A00F0DAF850B1B0EE18
:10DEB000680A00F0D5F828B100F0D8FF9FED048A79
:10DEC00022230360B0EE480ABDEC048B08BD00BFFE
:10DED0000000807F08B52DED028BB0EE608A00F067
:10DEE000A7FBB4EE488AF1EE10FA0CD6DFED078AF4
:10DEF000B4EE688AF1EE10FA05D100F0B7FF88EEB3
:10DF0000A80A21230360BDEC028B08BD00000000BD
:10DF100008B52DED028BB0EE408A00F001F9B4EEA9
:10DF2000488AF1EE10FA0CD6DFED078AB4EEE88AE3
:10DF3000F1EE10FA05D500F099FF88EEA80A21232A
:10DF40000360BDEC028B08BD0000000010EE103A2B
:10DF500007B51E4A23F00043934206D8DFED1C0AA2
:10DF600003B05DF804EB00F003B9B3F1FF4F04D345
:10DF700030EE400A03B05DF804FB684600F028FA72
:10DF800000F00300012809D0022810D0B0B9DDED5F
:10DF9000010A9DED000A00F0EBF8EBE7DDED010A68
:10DFA0009DED000A00F03CF9B1EE400AE2E7DDED3C
:10DFB000010A9DED000A00F0DBF8F5E7DDED010A4E
:10DFC0009DED000A012000F02BF9D3E7D80F493F5F
:10DFD0000000000010EE103A07B51F4A23F000437E
:10DFE000934207D8DFED1D0A002003B05DF804EB73
:10DFF00000F016B9B3F1FF4F04D330EE400A03B07E
:10E000005DF804FB684600F0E3F900F00300012826
:10E010000AD002280FD0C0B9DDED010A9DED000A3B
:10E02000012000F0FDF8EAE7DDED010A9DED000AB0
:10E0300000F09EF8E3E7DDED010A9DED000A012006
:10E0400000F0EEF8B1EE400AD9E7DDED010A9DEDF2
:10E05000000A00F08DF8F5E7D80F493F00000000F6
:10E0600010EE103A23F00040B0F1FF4FACBF00209B
:10E070000120704708B52DED028BB0EE408AF0EE1E
:10E08000608A00F031F830B9B0EE688AB0EE480A24
:10E09000BDEC028B08BDB0EE680A00F025F8002840
:10E0A000F4D0B4EEE88AF1EE10FAEDDDEEE708B553
:10E0B0002DED028BB0EE408AF0EE608A00F014F88D
:10E0C00030B9B0EE688AB0EE480ABDEC028B08BDEC
:10E0D000B0EE680A00F008F80028F4D0B4EEE88A40
:10E0E000F1EE10FAEDD5EEE710EE103A33F0004005
:10E0F0000DD0A0F50003B3F1FE4F0AD3074B421E2B
:10E100009A4208D9A0F1FF43584258417047022073
:10E110007047042070470320704700BFFEFF7F0058
:10E12000B1EEC00A7047000010EE100AC0F3C752EB
:10E130007F3A162A15DC002A08DA013200F0004383
:10E1400001D143F07E5300EE103A70470749114168
:10E150000142FAD04FF480031341034423EA010340
:10E16000F1E7802AF1D130EE000A7047FFFF7F000F
:10E1700010EE103A23F00043B3F1485FF0EE406A2E
:10E18000B7EE000A04D2FDEEE67A17EE902A42B30B
:10E1900026EEA67ADFED1A7A9FED1A6A1A4AA7EEE2
:10E1A000276A9342DFED197AE6EE077A9FED186A47
:10E1B000A7EE876ADFED177AE6EE077A9FED166A1B
:10E1C000A7EE876A60EEE60A26EE076AF6EE007AA8
:10E1D000E7EE060A67EE277A04D877EEE07A30EEAB
:10E1E000670A70470D4A93429ABF03F17F4307EED7
:10E1F000103AB5EE027A30EE470A77EEC77AECE7CE
:10E200004ED747ADF6740F319999993E7CF293B48D
:10E21000010DD037610BB6BAABAA2A3D0000483FCA
:10E2200010EE103A23F00043B3F1485F04D2FDEE44
:10E23000C07A17EE903A5BB320EE007ADFED157AE4
:10E240009FED156AA7EE276ADFED147AE6EE077AEE
:10E250009FED136AA7EE876ADFED127A60EE076A18
:10E26000E6EE077A30B99FED106AA7EE276AA6EEB0
:10E27000260A704767EEE67AB6EE006AE0EE867A26
:10E28000D7EE870ADFED097AE6EEA70A30EE600ADC
:10E29000704700BFD3C92E2F342FD7B21BEF3836AB
:10E2A000010D50B98988083CABAA2ABEABAA2A3E08
:10E2B00010EE103A23F0004210EE903A23F00043A3
:10E2C0009A42A2BF194613460A46991AB1F1706FD5
:10E2D00010B500EE103A06EE902A02DD30EE260A66
:10E2E00010BDB3F1B14F48DDB3F1FF4F0CDB14BFEC
:10E2F00030EE260A9FED330ADFED327AB2F1FF4F9E
:10E3000008BFB0EE670AEBE703F15E4302F15E423D
:10E3100000EE103A06EE902A4424B2F11A5F0BDAAE
:10E32000002ADDD0B2F5000F29DADFED277A66EE9C
:10E33000A76A20EE270A7E3C30EE666A2349F4EE97
:10E34000C66AF1EE10FA24D50B4007EE903A30EE93
:10E35000277A30EE670A27EE000AA6EEA60AA7EE95
:10E36000A70AFFF7DDFE002CBAD0E40504F17E54C5
:10E3700007EE904A20EE270AB2E70024CDE703F12A
:10E38000085302F1085200EE103A06EE902A443C7F
:10E39000D2E703F500030B4007EE903AF0EE004A97
:10E3A000B0EE675A90EE245A0A4007EE102A26EE85
:10E3B000850A76EEC75AA5EEA70AA6EE060AA7EECC
:10E3C000270ACEE70000807F0000807E00F0FFFF7C
:10E3D000F0B510EE106A884B26F000459D4287B0DC
:10E3E000044605D8002380ED000A4360002022E0A7
:10E3F000824B9D423AD826F00043002E9FED807A52
:10E40000804A23F00F0318DD934270EE477A09BF6C
:10E410009FED7D7ADFED7D6ADFED7D6A77EEC77A6D
:10E4200037EEE67A77EEC77A80ED007A77EEE67A15
:10E43000C0ED017A012007B0F0BD934270EE077A7B
:10E4400009BF9FED717ADFED716ADFED716A77EEDA
:10E45000877A37EEA67A77EEC77A80ED007A77EE84
:10E46000A67AC0ED017A4FF0FF30E4E7694B9D4298
:10E4700073D800F045F99FED687AF6EE007AE0EE89
:10E48000077AFDEEE77AB8EEE77A17EE900ADFED4D
:10E490005C7AA7EE670A1F28DFED5C7A67EE277AC1
:10E4A000B1EE476A70EE676A16EE901A09DC5B4AB5
:10E4B000471E26F0004352F8272023F0FF03934223
:10E4C00007D1C1F3C752C2EBD552082A4FEAE55330
:10E4D00014DC216094ED007A30EE470A002E30EE15
:10E4E000670A84ED010AA6DAB1EE477AB1EE400A76
:10E4F00084ED007A84ED010A40429CE7DFED425A48
:10E50000F0EE406AE6EE256A70EE667AE6EE257A6F
:10E51000DFED3F5AD7EE257A76EEE75A15EE902AD0
:10E52000C2F3C7515B1A192B04DCC4ED005AB0EEDC
:10E53000660ACFE7DFED3A5AB0EE660AA6EE250A84
:10E5400076EEC07ADFED376AE6EE257AD7EE267AE8
:10E5500030EE677A84ED007ABCE7B5F1FF4F06D361
:10E5600070EE407AC0ED017AC0ED007A3EE7EA1520
:10E57000863AA5EBC25307EE903ABDEEE77ADFED9F
:10E580002A6AB8EEC77A77EEC77A8DED037A67EE1E
:10E59000A67ABDEEE77AB8EEC77A77EEC77A8DED48
:10E5A000047A67EEA67AF5EE407AF1EE10FACDED38
:10E5B000057A1ED1B5EE407AF1EE10FA0CBF0123B8
:10E5C00002231A4901910221009103A8214600F07B
:10E5D0009FF8002EBFF62FAFD4ED007AF1EE677AE8
:10E5E000C4ED007AD4ED017AF1EE677AC4ED017AD8
:10E5F00082E70323E5E700BFD80F493FE3CB16408E
:10E60000800FC93FD00FC93F0044353743443537E9
:10E6100008A3852E800F494384F9223F08F00008A3
:10E6200000A3852E32318D240000804388F000083D
:10E63000F8B510EE906A26F000456B1EB3F1FF4F5F
:10E640002DED028BF0EE407AF0EE608A06D210EEED
:10E65000104A24F00047B7F1FF4F06D367EEA87ABF
:10E6600087EEA70ABDEC028BF8BDB5F1FE4F05D2CF
:10E6700070EEA00A00F0B4FAF0EE407ABD4204D188
:10E680009FED1E0A27EE800AECE7B0EE670A00F065
:10E6900037F8B0EE408AB0EE680A00F031F816F0B4
:10E6A000FE4F12D178EE087AF4EEC07AF1EE10FA4D
:10E6B0001BDD38EE408A78EE087AF4EEC07AF1EE8F
:10E6C00010FA12DB38EE408A0FE0F6EE007A60EEC8
:10E6D000277AB4EEE78AF1EE10FA06DD38EE408ACA
:10E6E000F4EEC87AF1EE10FAECD918EE103A04F014
:10E6F0000044634000EE103AB4E700BF00000000A1
:10E7000010EE103A23F0004300EE103A704700007C
:10E710002DE9F04F2DED048BD9B090460190B64A0B
:10E72000669818F1040F52F820A00F4603F1FF3B42
:10E7300026DBB8F1030248BF08F10402D210551CD1
:10E7400067999FEDB17AE800A2EB0B060290A8EB67
:10E75000C5050AEB0B0C1CAC01EB860E00206045D6
:10E7600010DD1CA901EB83000DF5887900265645C4
:10E7700024DCDDF804E0DFEDA47A8446002416E012
:10E780000022DCE7C6425DBF5EF8201007EE901A5B
:10E79000F8EEE77AF0EE477AE4EC017A0130DEE752
:10E7A000FEEC016A3CED017AE6EE877A01345C45C5
:10E7B000F6DDE9EC017A01360430D8E708A901EB6F
:10E7C0008A0104916799DFED8F8A9FED8D9A01EBA5
:10E7D000820203925446A200059258AA02EB8402D8
:10E7E00012ED140A44A908AA01EB840094462646B7
:10E7F000002E4CDC2846CDE9062300F073FAB0EE7B
:10E80000408AB4EE000A28EE000A00F0D1FAF2EED7
:10E81000007AA0EE678A002DDDE90623FDEEC87AB6
:10E8200017EE909AF8EEE77A38EE678A41DD04F148
:10E83000FF3C08A9C5F1080E51F82C6046FA0EF00D
:10E84000814400FA0EF0361AC5F1070041F82C6039
:10E850000641002E3CDD4FF0000E09F10109704623
:10E86000744568DC002D03DD012D74D0022D7DD0B0
:10E87000022E2DD1B7EE000A30EE488A40B328466A
:10E88000069300F02FFA069B38EE408A20E060EEF7
:10E89000287A013EFDEEE77AF8EEE77AA7EEC90A9C
:10E8A000BDEEC00AACEC010A30ED010A37EE800A79
:10E8B0009EE705D1601E08A951F82060F611C8E74F
:10E8C000F6EE007AB4EEE78AF1EE10FA31DA0026BD
:10E8D000B5EE408AF1EE10FA40F09880601E0022FA
:10E8E00050454BDA002A65D0013C08AB083D53F88F
:10E8F0002430002BF8D02846B7EE000A00F0F2F9D9
:10E90000631C44AA9FED3F7A990002EB83022346E1
:10E91000002B80F2A9802346002BC0F2C78044AAB6
:10E9200002EB8305DFF8D4C0DFED377A0020E21A6E
:10E93000B1E002268FE752F8041B48B921B1C1F5B6
:10E94000807142F8041C01210EF1010E084687E790
:10E95000C1F1FF01F5E704F1FF3C08AA52F82C20B1
:10E9600002F07F0208A941F82C2081E704F1FF3C66
:10E9700008AA52F82C2002F03F02F3E708A951F848
:10E98000201001380A43ABE7013250F8046D002E25
:10E99000FAD0059901F5B0710DEB0100E6181CA93C
:10E9A00004F1010C4C3801EB86062244624504DA7E
:10E9B000144610E704980122E7E70399DDF804E024
:10E9C00051F82C10059107EE901AF8EEE77A002422
:10E9D000E6EC017ADFED0C7AB1465C4504DDE0EC53
:10E9E000017A0CF1010CE1E7FEEC016A39ED017AE4
:10E9F0000134E6EE877AF0E7CCF30008A0F30008D4
:10EA0000000080430000803B00000000029BB0EE4D
:10EA1000480AA3EB080000F065F91FED077AB4EE91
:10EA2000C70AF1EE10FA19DB5FED0A7A60EE277A79
:10EA300008AAFDEEE77A0835F8EEE77AA7EEC70AEE
:10EA4000FDEEE77ABDEEC00A10EE103A42F824302F
:10EA500017EE903A013442F824304CE7BDEEC00A7C
:10EA600008AA10EE103AF6E708A850F82300019023
:10EA700007EE900AF8EEE77A013B67EE807A20EE27
:10EA8000070A62ED017A43E7FCEC016AB5EC017A12
:10EA9000E6EE877A0130504501DC9042F4DD58A85B
:10EAA00000EB820242ED287A013B35E7669B022BA0
:10EAB00009DC002B27DC40D009F0070059B0BDEC81
:10EAC000048BBDE8F08F669B032BF5D130AA0B1F9A
:10EAD00013441A462046002850DC2246012A5DDCF9
:10EAE00030AB5FED377A0B44012C67DCDDED306A2B
:10EAF0009DED317A002E67D1C7ED006A87ED017A6E
:10EB0000C7ED027AD8E730AB1FED417A0B442246BD
:10EB1000002A24DA4EB3F1EE477AC7ED007ADDED34
:10EB2000307A77EEC77A31AA01239C4220DA0EB1FF
:10EB3000F1EE677AC7ED017ABEE730AB5FED4E7A52
:10EB40000B44002C05DA0EB1F1EE677AC7ED007ABE
:10EB5000B2E733ED017A013C77EE877AF1E773EDA6
:10EB6000017A013A37EE277AD2E7F0EE477AD4E716
:10EB7000B2EC017A013377EE877AD6E772ED017A4B
:10EB8000D2ED016A37EEA67A013877EEC77A82EDC8
:10EB9000007A77EEA67AC2ED017A9CE773ED017AEE
:10EBA000D3ED016A37EEA67A013A77EEC77A83EDA4
:10EBB000007A77EEA67AC3ED017A8FE733ED017A1A
:10EBC000013C77EE877A8FE7F1EE666AB1EE477A1D
:10EBD000C7ED006A87ED017AF1EE677A90E700BF32
:10EBE00070B510EE906A26F000435A1EB2F1FF4F46
:10EBF00006D210EE104A24F00041B1F1FF4F04D3C9
:10EC000060EE200A80EEA00A70BD9942FCDB04F0A1
:10EC1000004505D1324B03EB557393ED000AF3E742
:10EC200014F0FF4F46D10A026FF07D00002A3EDC4F
:10EC300016F0FF4F01BF1A02B2FA82F2C2F1FF22B0
:10EC400002F57F0216BFDA1582327F3A10F17E0F8D
:10EC5000BBBF6FF07D04241AC4F31604A140A8BF03
:10EC600044F4000112F17E0FB5BF6FF07D04C6F3CE
:10EC70001606A41A46F40004B8BF03FA04F4801A76
:10EC80000B1BD0B933EA230328BF0B46002BC1D09E
:10EC9000B3F5000F19DB12F17E0F19DBA3F50003AA
:10ECA0007F322B4343EAC25300EE103AACE70138FF
:10ECB0005200BBE7C8157F38BAE7002B02DA4900DB
:10ECC0000138DDE7A6D05900FAE75B00013ADFE73B
:10ECD000C2F1FF2202F57F02823213412B43E3E7A8
:10ECE000D8F3000810EE103A33F000422BD0B2F106
:10ECF000FF4F02D330EE000A704713F0FF4F23D1CD
:10ED0000244BDFED257A984220EE270A17DB10EE20
:10ED1000103AC3F3C752193A4CF25031884215DD0C
:10ED2000DFED1E7ADFED1E6A10EE103AB0EE677A64
:10ED3000002BB8BFF0EE667A27EE870A7047DFED4A
:10ED4000197A27EE800A7047D20DE5E71044FE28B5
:10ED5000E6DC002806DD23F0FF4343EAC05300EE63
:10ED6000103A704710F1160F09DADFED0E7ADFED79
:10ED70000E6A10EE103AB0EE677A002BD9E7193020
:10ED800023F0FF4343EAC0539FED080A07EE903A91
:10ED9000D7E700BFB03CFFFF0000004CCAF249714A
:10EDA000CAF249F16042A20D6042A28D0000003318
:10EDB00010EE103AC3F3C7527F3A162A23F00041EF
:10EDC0002BDC002A12DADFED197A30EE270AB5EED5
:10EDD000C00AF1EE10FA06DD002B24DA0029144BEC
:10EDE00008BF4FF0004300EE103A7047114911413F
:10EDF0000B42FAD0DFED0D7A30EE270AB5EEC00AED
:10EE0000F1EE10FAEFDD002BBEBF4FF4000040FA28
:10EE100002F29B1823EA0103E5E7B1F1FF4FE4D3C7
:10EE200030EE000A70470023DDE700BFCAF24971E7
:10EE3000000080BFFFFF7F0002440346934200D1E1
:10EE4000704703F8011BF9E710B56AB1013984185E
:10EE500010F8012B11F8013F9A4203D1A04201D0D2
:10EE6000002AF5D1D01A10BD1046FCE7014B1868F6
:10EE7000704700BF5000002070B50D4D0D4C641B55
:10EE8000A4100026A64209D10B4D0C4C00F026F828
:10EE9000641BA4100026A64205D170BD55F8043BA2
:10EEA00098470136EEE755F8043B98470136F2E7FC
:10EEB000E8F30008E8F30008E8F30008ECF30008C2
:10EEC0000A44914200F1FF3300D1704710B511F8A8
:10EED000014B03F8014F9142F9D110BDF8B500BFC5
:10EEE000F8BC08BC9E467047F8B500BFF8BC08BC2B
:04EEF0009E46704783
:10EEF40049444C4500000000546D72205376630071
:10EF0400436861737369735461736B0041524D00BC
:10EF1400504154480000000053544F50000000007A
:10EF240050494E470000000052444B5F5245534540
:10EF3400540000004449534300000000464F525718
:10EF440041524400534849465400000048454C4C43
:10EF54004F000000444953430000000053544F50F5
:10EF64000000000053544F500000000048454C4C32
:10EF74004F00000050494E470D0A000044495343D6
:10EF840000000000444953435F53544152540D0A56
:10EF940000000000504F4E47000000004449534316
:10EFA4005F41434B00000000444953435F444F4ECC
:10EFB40045000000444953435F4552524F520000FC
:10EFC4000000000000000000010203040607080915
:10EFD40000000000010203040006101600061016CB
:10EFE40004EF000800000000000000000000000022
:10EFF40000000000000800002000000000000000E5
:10F0040000000000000FC93F000F494000CB9640AC
:10F01400000FC9400053FB4000CB164100ED2F41C7
:10F02400000F49410031624100537B41003A8A415B
:10F0340000CB9641005CA34100EDAF41007EBC4192
:10F04400000FC94100A0D5410031E24100C2EE41A8
:10F054000053FB4100F20342003A0A42008310428B
:10F0640000CB164200141D42005C234200A5294235
:10F0740000ED2F4200363642007E3C4200C7424239
:10F08400000F4942A2000000F900000083000000C4
:10F094006E0000004E000000440000001500000057
:10F0A40029000000FC0000002700000057000000B9
:10F0B400D1000000F500000034000000DD00000075
:10F0C400C0000000DB0000006200000095000000AA
:10F0D400990000003C000000430000009000000084
:10F0E40041000000FE000000510000006300000029
:10F0F400AB000000DE000000BB000000C500000003
:10F1040061000000B7000000240000006E00000051
:10F114003A000000420000004D000000D200000050
:10F12400E000000006000000490000002E0000007E
:10F13400EA00000009000000D10000009200000075
:10F144001C000000FE0000001D000000EB00000099
:10F154001C000000B100000029000000A70000000E
:10F164003E000000E80000008200000035000000BE
:10F17400F50000002E000000BB0000004400000069
:10F1840084000000E90000009C0000007000000002
:10F1940026000000B40000005F0000007E000000B4
:10F1A400410000003900000091000000D60000007A
:10F1B4003900000083000000530000003900000003
:10F1C400F40000009C000000840000005F000000C8
:10F1D4008B000000BD000000F900000028000000C2
:10F1E4003B0000001F000000F80000009700000032
:10F1F400FF000000DE000000050000009800000091
:10F204000F000000EF0000002F00000011000000BC
:10F214008B0000005A0000000A0000006D0000008E
:10F224001F0000006D000000360000007E0000009A
:10F23400CF00000027000000CB0000000900000000
:10F24400B70000004F000000460000003F0000002F
:10F25400660000009E0000005F000000EA0000005D
:10F264002D0000007500000027000000BA00000017
:10F27400C7000000EB000000E5000000F100000002
:10F284007B0000003D000000070000003900000082
:10F29400F70000008A000000520000009200000005
:10F2A400EA0000006B000000FB0000005F000000AB
:10F2B400B10000001F0000008D0000005D00000090
:10F2C40008000000560000000300000030000000A9
:10F2D40046000000FC0000007B0000006B00000002
:10F2E400AB000000F0000000CF000000BC000000F4
:10F2F400200000009A000000F40000003600000026
:10F304001D000000A9000000E300000091000000BF
:10F31400610000005E000000E60000001B00000029
:10F32400080000006500000099000000850000004E
:10F334005F00000014000000A0000000680000004E
:10F34400400000008D000000FF000000D800000015
:10F35400800000004D000000730000002700000042
:10F364003100000006000000060000001500000047
:10F3740056000000CA00000073000000A80000004E
:10F38400C900000060000000E20000007B000000F3
:10F39400C00000008C0000006B0000000000C93FAA
:10F3A4000000F0390000DA370000A2330000842E98
:10F3B4000000502B0000C2270000D0220000C41F10
:10F3C4000000C61B000044170400000007000000F2
:0CF3D400090000000000000000000080A4
:08F3E000600EFF7F0100000038
:04F3E800F501000823
:04F3EC00D101000843
:10F3F0000024F4001000000001000000AAAAAAAA3C
:10F400004DD5114200800043008002430000484374
:10F410006666E63F00000000000000003333F33F63
:10F420000000803F0000803F96438B3C0000803FFF
:10F430000000803F0201030401FF01FF0100000002
:10F4400054000020000000006CA00020D4A0002088
:10F450003CA10020000000000000000000000000AF
:10F46000000000000000000000000000000000009C
:10F47000000000000000000000000000000000008C
:10F48000000000000000000000000000000000007C
:040000050800863534
:00000001FF
